TROCA DE TURNO 2026;;;;META  + ACUMULADO;SEP. TURNO A;SEP. TURNO B;SEP. TURNO C;SEP. TURNO D;FAT GM;FAT FM;FAT TRANSF.;FAT CACAU;FAT FOB;FAT GRANEL
;;;;1053423,99;2685420,144;2301731,58;103,835,00;11648187,41;37.991,03;82.732,00;0,00;1.750,50;0,00;26.150,00
;;;;;;;;;;;;;;
;;;;EQUIPAMENTO PARADO;;NF COM ERRO;CARRO EMBARCADO;;SEP GM;SEP FM;SEP TRANSF.;SEP CACAU;SEP FOB;
;;;;;;;;;43.796,62;82.732,00;0,00;1.246,00;0,00;
;;;;8,00;;0,00;8;;;;;;;
DATA;TURNO;RESP TURNO;PROGRAMAÇÃO;ROTA;MEDIDA;PLANEJADO;Executado;PERCENTUAL REALIZADO;PENDENCIAS;VOLUME FATURADO;TRANSPORTADFORA;FATURAMENTO;EMBARQUE;Coluna2
20/07/2026;A;TATIANE;GM;SP CAP / INT;POSIÇÃO;43127;43127;100%;;;SMARTLOG;REALIZADO;REALIZADO;FATURADO 5.105 SMT001 E 002DI- FATURAR E CONFERIR SMT005DI SEPARADO NA RUA 13 E GERAR DEMAIS CARROS DO DI SAMRTLOG
20/07/2026;A;TATIANE;FM;FM;TONS;54022;54022;100%;;;EPEEDYLOG;REALIZADO;REALIZADO;FATURADO - CARREGADO SIENA - PANDURATA FATURADO- EDIFARNEI FECHAR PESO E CARREGAR
20/07/2026;A;TATIANE;FOB;PROPRIO;TONS;51327;51327;100%;;;PROPRIO;REALIZADO;REALIZADO;FATURADO DISPAN RECIFE DO DIA 19/07 - MOTORISTA NA PORTARIA - PRODUPAN GERADO 20/07 - SEPARAR
20/07/2026;A;TATIANE;SEP. BR15;BR15;TONS;4889;4889;100%;;;SMARTLOG;REALIZADO;REALIZADO;CACAU FATURADO
20/07/2026;A;TATIANE;FM;FM;TONS;12000;12000;100%;;;JSL;REALIZADO;REALIZADO;GRANEL MAGUN DESCER PARA PESAR -  EMAIL DE LACRES ENVIADO
20/07/2026;A;TATIANE;TRANSF. MACEIO;NORDESTE;TONS;22648;22648;100%;;;EPEEDYLOG;REALIZADO;REALIZADO;EXPEDIDO 
20/07/2026;A;TATIANE;REC. MACEIO;NORDESTE;TONS;15000;15000;100%;;;EPEEDYLOG;REALIZADO;REALIZADO;FALTA DAR ENTRADA NAS NOTAS RECEBIMENTO MACEIO - ESTA NO RUBY - 21 PALETES
20/07/2026;B;THIAGO;GM;MG;TONS;11856;11856;100%;;;;REALIZADO;REALIZADO;SEPARADO FALTA CONFERENCIA
20/07/2026;B;THIAGO;GM;AGENDAS SMART;TONS;5825;5825;100%;;;SMARTLOG;REALIZADO;REALIZADO;SMT004DI / SMT006DI
20/07/2026;B;THIAGO;FOB;PROPRIO;TONS;69065;69065;100%;;;;REALIZADO;REALIZADO;PRODUPAN / LUZIA MEIRE / BIBERFOODS 
20/07/2026;B;THIAGO;FLOOR;PRODUÇÃO;PAL;68;68;100%;;;;REALIZADO;REALIZADO;
20/07/2026;B;THIAGO;REC. MACEIO;MB0A;PAL;30;30;100%;;;;REALIZADO;REALIZADO;MOTO: PAULO MARCOS DESCARREGAR E CARREGAR
20/07/2026;B;THIAGO;GRANEL;PESAR;LIQUIDO;12000;12000;100%;;;JSL;REALIZADO;REALIZADO;GRANEL MAGUN DESCER PARA PESAR -  EMAIL DE LACRES ENVIADO PENDENCIA DE CREDITO
20/07/2026;B;THIAGO;FM;PROPRIO;TONS;28054;28054;100%;;;EPEEDYLOG;REALIZADO;REALIZADO;PANDURATA
20/07/2026;B;THIAGO;GM;RJ;TONS;14428;14428;100%;;;OMEGA X;REALIZADO;REALIZADO;EMBARCADO
20/07/2026;B;THIAGO;GRANEL;PESAR;LIQUIDO;23780;23780;100%;;;JSL;REALIZADO;REALIZADO;GRANEL BAUDUCCO CARREGADO FALTA PESAGEM
21/07/2026;A;TATIANE;GRANEL;PESAR;LIQUIDO;40730;40730;100%;;;JSL;REALIZADO;REALIZADO;GRANEL BAUDUCCO E MAGNUN FATURADOS E EXPEDIDOS
21/07/2026;A;TATIANE;GM;SP CAP / INT;TONS;10602;10602;100%;;;;REALIZADO;REALIZADO;
21/07/2026;A;TATIANE;FM;FM;TONS;13508;13508;100%;;;;REALIZADO;REALIZADO;SÃO DUAS TRANSPORTADORAS SMART E SPEEDY - FATURADO PERFETTO E CPQ
21/07/2026;A;TATIANE;SEP. BR15;BR15;TONS;40776;40776;100%;;;SMARTLOG;REALIZADO;REALIZADO;EXPEDIDO PARCIAL FOB
21/07/2026;A;TATIANE;FOB;PROPRIO;TONS;86975;86975;100%;;;PROPRIO;REALIZADO;REALIZADO;
21/07/2026;A;TATIANE;EXPORTAÇÃO;EXPORTAÇÃO;TONS;8377;8377;100%;;;PROPRIO;REALIZADO;REALIZADO;EXPORTAÇÃO UNPAR EXPEDIDA
21/07/2026;A;TATIANE;GM;MG;TONS;11856;11856;100%;;;BORA;REALIZADO;REALIZADO;MOTORISTA ANTONIO - NA PORTARIA
21/07/2026;A;TATIANE;REC. IMPORTADO;EXTREMA;TONS;20036;20036;100%;;;D2;REALIZADO;REALIZADO;FALTA FAZER ENTRADA NF 1656
21/07/2026;A;TATIANE;GRANEL;PESAR;TONS;12000;12000;100%;;;JSL;REALIZADO;REALIZADO;MAGNUM- AGUA QUENTE, PESAR PARA FATURAR
21/07/2026;B;THIAGO;GM;SP CAP / INT;TONS;4837;4837;100%;;;;REALIZADO;REALIZADO;SMART008DI + SMART010DI
21/07/2026;B;THIAGO;GRANEL;PESAR;LIQUIDO;7560;7560;100%;;;JSL;REALIZADO;REALIZADO;Granel MAGNUM
21/07/2026;B;THIAGO;FOB;SP CAP / INT;TONS;15214;15214;100%;;;PROPRIO;REALIZADO;REALIZADO;DISTRIBUIDORA IMPORTADORA MOT> WELLINTON
21/07/2026;B;THIAGO;FM;FM;TONS;51329;51329;100%;;;EPEEDYLOG;REALIZADO;REALIZADO;PANDURATA
21/07/2026;B;THIAGO;REC. MACEIO;MB0A;PAL;28;28;100%;;;EPEEDYLOG;REALIZADO;REALIZADO;MACEIO ENTRADA REALIZADA
21/07/2026;B;THIAGO;REC. BR15;BR15;PAL;6;6;100%;;;;REALIZADO;REALIZADO;CACAU ENREADA REALIZADA MOTORISTA WALTER
21/07/2026;B;THIAGO;FLOOR;PRODUÇÃO;PAL;68;68;100%;;;;REALIZADO;REALIZADO;
21/07/2026;B;THIAGO;GM;SUL;TONS;24,039;24,039;100%;;;RENOVAÇÃO;PARCIAL;PENDENTE;RS / PR - JÁ FATURADO - SC - FALTA FATURAR
22/07/2026;B;THIAGO;SMT001CA;SP CAP / INT;TONS;2825;2825;100%;;;SMARTLOG;REALIZADO;PENDENTE;
22/07/2026;C;ADIB;SMT001MACPAN;SP CAP / INT;TONS;13,331;13,331;100%;;;SMARTLOG;REALIZADO;PENDENTE;SEPARADO E FATURADO - AGUARDANDO CARRO
22/07/2026;B;THIAGO;SMT002CA;SP CAP / INT;TONS;1780;1780;100%;;;SMARTLOG;REALIZADO;PENDENTE;
22/07/2026;B;THIAGO;SMT003CA;SP CAP / INT;TONS;1978;1978;100%;;;SMARTLOG;REALIZADO;PENDENTE;
22/07/2026;B;THIAGO;SMT004CA;SP CAP / INT;TONS;4689;4689;100%;;;SMARTLOG;REALIZADO;PENDENTE;
22/07/2026;C;ADIB;GM;SP INT;TONS;21,954;21,954;100%;;;SMARTLOG;PENDENTE;PENDENTE;SEPARADO E CONFERIDO - EMBARQUE 24/07
22/07/2026;C;ADIB;FOB;PROPRIO;TONS;14,366;14,366;100%;;;SMARTLOG;PENDENTE;REALIZADO;CARREGAMENTO DISTRIB IMPORTADORA
22/07/2026;C;ADIB;FOB;PROPRIO;TONS;4,28;4,28;100%;;;SMARTLOG;REALIZADO;PENDENTE;SEPARADO E FATURADO - CARRO NO PATIO - FALTA CARREGAR
22/07/2026;C;ADIB;FOB;PROPRIO;TONS;18,976;18,976;100%;;;PROPRIO;REALIZADO;PENDENTE;OESA- FATURADO - CARRO NO PATIO - FALTA CARREGAR
22/07/2026;D;ADAO;GM;C.OESTE/ES/NORTE;TONS;17960;17960;100%;;;TAFF;PENDENTE;PENDENTE;co separado falta conferir norte fata separ ots geradas
22/07/2026;C;ADIB;GM;C.OESTE/ES/NORTE;TONS;19610;19610;100%;;;;;;
23/07/2026;C;ADIB;GM;SMT001BRU;TONS;637;637;100%;;;SMARTLOG;REALIZADO;PENDENTE;SEPARADO E FATURADO - AGUARDANDO CARRO
23/07/2026;C;ADIB;GM;SMT001DINIZ;TONS;1,773;1,773;100%;;;SMARTLOG;REALIZADO;PENDENTE;SEPARADO E FATURADO - AGUARDANDO CARRO
23/07/2026;C;ADIB;GM;SMT001RIBER;TONS;1,695;1,695;100%;;;SMARTLOG;REALIZADO;PENDENTE;SEPARADO E FATURADO - AGUARDANDO CARRO
23/07/2026;D;ADAO;GM;SMT003DI;TONS;11893;11893;100%;;;SMARTLOG;PENDENTE;PENDENTE;
22/07/2026;D;ADAO;SEP. CACAU;BR15;TONS;19782;19782;100%;;;SMARTLOG;PENDENTE;PENDENTE;
23/07/2026;D;ADAO;CONT. PK1;CALLEBAUT;POSIÇÃO;200;200;100%;;;;;;
23/07/2026;D;ADAO;FLOOR;PRODUÇÃO;PAL;70;70;100%;;;;;;
23/07/2026;D;ADAO;REC. IMPORTADO;MIGO;PAL;28;28;100%;;;;;;
23/07/2026;D;ADAO;REC. D2;EXTREMA;PAL;28;28;100%;;;;;;
23/07/2026;C;ADIB;GM;NORTE;TONS;12,994;12,994;100%;;;;;;SEPARADO E FATURADO
23/07/2026;C;ADIB;GM;C.O;TONS;24,573;24,573;100%;;;TAFF;;PENDENTE;REALIZAMOS TODA CONFERENCIA E FATURAMENTO C.OESTE / ES
23/07/2026;C;ADIB;REC. IMPORTADO;MIGO;PAL;28;28;100%;;;D2;;;DESCARREGADO - FALTA ENTRADA
23/07/2026;C;ADIB;SEP. CACAU;BR15;TONS;15;15;100%;;;PROPRIO;REALIZADO;REALIZADO;SEPARADO CARREGADO E LIBERADO
23/07/2026;C;ADIB;REC. BR15;BR15;PAL;28;28;100%;;;PROPRIO;;;RECEBIMENTO CACAU TOMBINI - RECEBIDO E ARMAZENADO
23/07/2026;C;ADIB;GM;SP CAP / INT;TONS;1,914;1,914;100%;;;SMARTLOG;REALIZADO;PENDENTE;DIRETAS SMARTLOG 22/07 
23/07/2026;D;ADAO;REC. D2;EXTREMA;PAL;28;28;100%;;;D2;;;RECEBER CARGA IMPORTADO / ESTE MESMO CARRO VAI CARREGAR PANDURATA
24/07/2026;A;TATIANE;FOB;FOB;TONS;1640;1640;100%;;1.640,00;PROPRIO;REALIZADO;REALIZADO;LOJA DOCE
24/07/2026;A;TATIANE;FOB;FOB;TONS;72,6;72,6;100%;;72,60;PROPRIO;REALIZADO;REALIZADO;LOJA DOCE
24/07/2026;A;TATIANE;FOB;FOB;TONS;5183;5183;100%;;5.183,00;PROPRIO;REALIZADO;REALIZADO;LOJA DOCE
24/07/2026;A;TATIANE;FOB;FOB;TONS;164;164;100%;;164,00;PROPRIO;REALIZADO;REALIZADO;LOJA DOCE
24/07/2026;A;TATIANE;FOB;FOB;TONS;10977;10977;100%;;10.977,00;PROPRIO;REALIZADO;PENDENTE;SPAN VALE - MOTORISTA NO PATIO- FIRMEZA
23/07/2026;D;ADAO;FOB;FOB;TONS;10080;10080;100%;;;;;;
24/07/2026;A;TATIANE;FOB;FOB;TONS;694,8;694,8;100%;;694,80;PROPRIO;REALIZADO;REALIZADO;LOJA DOCE
24/07/2026;A;TATIANE;FOB;FOB;TONS;404;404;100%;;404,00;PROPRIO;REALIZADO;REALIZADO;LOJA DOCE
24/07/2026;A;TATIANE;FOB;FOB;TONS;121,2;121,2;100%;;121,20;PROPRIO;REALIZADO;REALIZADO;LOJA DOCE
23/07/2026;D;ADAO;FOB;FOB;TONS;9468;9468;100%;;;;;;
23/07/2026;D;ADAO;FOB;FOB;TONS;9468;9468;100%;;;;;;
23/07/2026;D;ADAO;FOB;FOB;TONS;10211;10211;100%;;;;;;
23/07/2026;D;ADAO;FOB;FOB;TONS;9446,4;9446,4;100%;;;;;;
23/07/2026;D;ADAO;FOB;FOB;TONS;10211;10211;100%;;;;;;
24/07/2026;A;TATIANE;FOB;FOB;TONS;9446,4;9446,4;100%;;9446;PROPRIO;PENDENTE;PENDENTE;SEPARADO E CONFERIDO - LUZIA MEIRE
24/07/2026;A;TATIANE;FOB;FOB;TONS;3000;3000;100%;;;PROPRIO;PENDENTE;PENDENTE;SBB- SEPARADO E CONFERIDO
23/07/2026;D;ADAO;FM;FM;TONS;12948;12948;100%;;;;;;
23/07/2026;D;ADAO;FM;FM;TONS;28054;28054;100%;;;;;;
23/07/2026;D;ADAO;FM;FM;TONS;22228;22228;100%;;;;;;
24/07/2026;A;TATIANE;GM;PR;TONS;7286;7286;100%;;7.286,00;RENOVAÇÃO;REALIZADO;PENDENTE;OT GERADAS
24/07/2026;B;THIAGO;GM;SC;TONS;1006;1006;100%;;1006;;REALIZADO;PENDENTE;faturado
24/07/2026;B;THIAGO;GM;RS;TONS;3215;3215;100%;;3215;;REALIZADO;PENDENTE;faturado
24/07/2026;D;ADAO;GM;AGENDAS SMART;TONS;20376;20376;100%;;;;;;
24/07/2026;D;ADAO;REC. D2;EXTREMA;PAL;24;24;100%;;;;;;DAR ENTRADA
24/07/2026;D;ADAO;REC. IMPORTADO;EXTREMA;PAL;24;24;100%;;;;;;DAR ENTRADA
24/07/2026;D;ADAO;FLOOR;FABRICA;PAL;72;72;100%;;;;;;
24/07/2026;D;ADAO;ABASTECIMENTO PK1;PK1;PAL;21;21;100%;;;;;;
24/07/2026;A;TATIANE;GRANEL;FM;TONS;26670;26670;100%;;26670;JSL;REALIZADO;REALIZADO;PANDURATA
24/07/2026;A;TATIANE;BR15;BR15;TONS;21256;21256;100%;;21.256,00;SMARTLOG;REALIZADO;PENDENTE;CACAU 27/07
24/07/2026;A;TATIANE;BR15;BR15;TONS;6000;6000;100%;;6.000,00;PROPRIO;REALIZADO;REALIZADO;FOB CACAU
24/07/2026;A;TATIANE;FOB;FOB;TONS;10592;10592;100%;;10.592,00;PROPRIO;REALIZADO;REALIZADO;CASA DA PANIFICAÇÃO
27/07/2026;B;THIAGO;GM;C.O;TONS;34189;34189;100%;;;;PENDENTE;PENDENTE;em conferencia
23/07/2026;B;THIAGO;FM;FM;TONS;28054;28054;100%;;;;;;
24/07/2026;B;THIAGO;FM;FM;TONS;28054;28054;100%;;28054;;REALIZADO;REALIZADO;
24/07/2026;;;FM;FM;TONS;12.948,00;;;;;;;;
24/07/2026;B;THIAGO;FM;FM;TONS;1079;1079;100%;;1079;;REALIZADO;REALIZADO;
24/07/2026;B;THIAGO;FM;FM;TONS;23738;23738;100%;;23738;;REALIZADO;REALIZADO;
24/07/2026;B;THIAGO;FM;FM;TONS;3884;3884;100%;;3884;;REALIZADO;REALIZADO;
24/07/2026;B;THIAGO;FM;FM;TONS;28054;28054;100%;;28054;;REALIZADO;REALIZADO;
24/07/2026;B;THIAGO;FM;FM;TONS;28054;28054;100%;;28054;;REALIZADO;REALIZADO;
25/07/2026;B;THIAGO;FM;FM;TONS;19422;19422;100%;;19422;;REALIZADO;REALIZADO;
25/07/2026;;;FM;FM;TONS;23.738,00;;;;;;;;
26/07/2026;;;FM;FM;TONS;28.054,00;;;;;;;;
26/07/2026;;;FM;FM;TONS;28.054,00;;;;;;;;
27/07/2026;;;FM;FM;TONS;6.961,00;;;;;;;;
27/07/2026;;;FM;FM;TONS;1.668,00;;;;;;;;
27/07/2026;;;FM;FM;TONS;5.416,00;;;;;;;;
27/07/2026;;;FM;FM;TONS;1.079,00;;;;;;;;
27/07/2026;;;FM;FM;TONS;1.618,00;;;;;;;;
24/07/2026;B;THIAGO;FOB;FOB;TONS;9446,4;9446,4;100%;;9446;;REALIZADO;REALIZADO;
24/07/2026;B;THIAGO;GRANEL;;TONS;14770;14770;100%;;14770;JSL;REALIZADO;REALIZADO;
24/07/2026;B;THIAGO;FLOOR;;PAL;50;50;100%;;;;;;
25/07/2026;A;TATIANE;GM;C.O;TONS;34.189,00;34.189,00;100%;;34.189,00;;REALIZADO;PENDENTE;AGUARDANDO EMBARQUE
25/07/2026;;;FOB;FOB;TONS;10.321,00;10.321,00;100%;;;;PENDENTE;PENDENTE;STA 27/07
25/07/2026;A;TATIANE;GM;RJ;TONS;18.504,00;18.504,00;100%;;18504;;REALIZADO;PENDENTE;RJ 01
25/07/2026;;;GM;RJ;TONS;12.084,00;;;;;;PENDENTE;PENDENTE;RJ 02 - INICIAR DO ZERO
25/07/2026;B;THIAGO;FOB;FOB;TONS;7.659,00;7.659,00;100%;;7659;;REALIZADO;PENDENTE;LUZIA MEIRE 25/07 - OT GERADAS
25/07/2026;B;THIAGO;FOB;FOB;TONS;9.028,14;9.028,14;100%;;9.028,14;;REALIZADO;PENDENTE;LUZIA MEIRE
25/07/2026;A;TATIANE;FOB;FOB;TONS;9.028,14;9.028,14;100%;;9.028,14;;REALIZADO;PENDENTE;LUZIA MEIRE
25/07/2026;A;TATIANE;FOB;FOB;TONS;3.068,00;3.068,00;100%;;3.068,00;;REALIZADO;REALIZADO;SBB
25/07/2026;A;TATIANE;GRANEL;FM;TONS;26.000,00;26.000,00;100%;;25.750,00;;PENDENTE;REALIZADO;AGUARDANDO APONTAMENTO DE SALDO - PANDURATA
25/07/2026;A;TATIANE;FLOOR;FABRICA;PAL;67,00;67,00;100%;;;;;;
25/07/2026;B;THIAGO;GM;RJ;TONS;12.084,00;12.084,00;100%;;;;REALIZADO;PENDENTE;organização do stage para abrir espaço
25/07/2026;B;THIAGO;FOB;FOB;TONS;19.664,00;19.664,00;100%;;;;PENDENTE;PENDENTE;
25/07/2026;B;THIAGO;FLOOR / RECEB. CACAU;;PAL;113,00;113,00;100%;;;;;;
26/07/2026;C;ADIB;CONTAGENS PK1;PK1;PAL;199,00;199,00;100%;;;;;;CONTAGENS E AJUSTES PK1
26/07/2026;C;ADIB;FOB;FOB;TONS;22.453,00;22.453,00;100%;;;PROPRIO;PENDENTE;PENDENTE;COM LUZIA MEIRE - FALTA FATURAR ( PROGRAMAÇÃO 27/07 )
26/07/2026;C;ADIB;FOB;FOB;TONS;2.424,00;2.424,00;100%;;;PROPRIO;PENDENTE;PENDENTE;RFC - FALTA FATURAR ( PROGRAMAÇÃO 27/07 )
26/07/2026;C;ADIB;FOB;FOB;TONS;8,28;8,28;100%;;;PROPRIO;PENDENTE;PENDENTE;SEPARADO 17787874 ( FOB ) FATURAR DIA 28/07
26/07/2026;C;ADIB;GM;RJ;TONS;12.084,00;12.084,00;100%;;;OMEGA X;REALIZADO;PENDENTE;RJ CARRO 2 - FATURADO EMBARQUE 27/07
26/07/2026;C;ADIB;RECEB CACAU;BR15;PAL;26,00;26,00;100%;;;TIO CARLO;;;RECEBEMOS CARGA CACAU - JÁ ARMAZENADO
26/07/2026;C;ADIB;FM;FM;TONS;28,05;28,05;100%;;;EPEEDYLOG;REALIZADO;PENDENTE;PANDURATA - FATURADO - AGUARDANDO CARRO
26/07/2026;C;ADIB;FM;FM;TONS;6,96;6,96;100%;;;PROPRIO;REALIZADO;PENDENTE;BARION - SEPARADO E FATURADO
26/07/2026;C;ADIB;GRANEL;FABRICA;TONS;14,73;14,73;100%;;;PROPRIO;REALIZADO;REALIZADO;GRANEL PANDURATA - LIBERADO
26/07/2026;C;ADIB;GRANEL;FABRICA;TONS;9,43;9,43;100%;;;PROPRIO;REALIZADO;REALIZADO;FGRANEL MAGNUM - LIBERADO
26/07/2026;D;ADAO;FM;FM;TONS;23.738,00;23.738,00;100%;;;EPEEDYLOG;REALIZADO;REALIZADO;
26/07/2026;D;ADAO;FM;FM;TONS;28.054,00;28.054,00;100%;;;EPEEDYLOG;PENDENTE;PENDENTE;FM I.B.A.E - GERADA - FALTA SEPARAR
26/07/2026;D;ADAO;TRANSF;BR15;PAL;28,00;28,00;100%;;;D2;;;D2 IMPORTAÇÃO - FALTA RECEBER
26/07/2026;D;ADAO;FOB;FOB;TONS;10.977,00;10.977,00;100%;;;PROPRIO;PENDENTE;;
26/07/2026;D;ADAO;FOB;FOB;TONS;8.284,00;8.284,00;100%;;;PROPRIO;PENDENTE;;
26/07/2026;D;ADAO;FOB;FOB;TONS;10.977,00;10.977,00;100%;;;PROPRIO;PENDENTE;;
27/07/2026;C;ADIB;RECEB CACAU;BR15;PAL;24,00;24,00;100%;;;TIO CARLO;;;DESCARREGADO E ARMAZENADO 
27/07/2026;C;ADIB;GM;FOB;TONS;16,57;16,57;100%;;16570;PROPRIO;REALIZADO;REALIZADO;SEPARADO E CONFERIDO - FATURAR DIA 29/07
27/07/2026;C;ADIB;TRANSF MACEIO;FABRICA;TONS;21,96;21,96;100%;;;EPEEDYLOG;REALIZADO;PENDENTE;SEPARADO E FATURADO - AGUARDANDO CARRO
27/07/2026;C;ADIB;FM;FM;TONS;19,42;19,42;100%;;;EPEEDYLOG;;;SEPARADO E FATURADO - AGUARDANDO CARRO
27/07/2026;D;ADAO;CACAU;BR15;;;;;;;;;;DELIVERY GERADAS - FALTA SEPARAR
27/07/2026;D;ADAO;FM;FM;TONS;28.054,00;28.054,00;100%;;;EPEEDYLOG;REALIZADO;REALIZADO;
27/07/2026;D;ADAO;FM;FM;TONS;28.054,00;28.054,00;100%;;;EPEEDYLOG;REALIZADO;REALIZADO;
27/07/2026;D;ADAO;FM;FM;TONS;19.832,00;19.832,00;100%;;;EPEEDYLOG;;;
27/07/2026;D;ADAO;CACAU BR15;CACAU BR15;TONS;30.983,00;21.501,00;69%;9.482,00;;;;;
27/07/2026;D;;GM;CROSS;TONS;13.845,00;9.227,00;67%;4.618,00;;;;;SEPARAÇÃO INICIADA FALTA FINALIZAR 
27/07/2026;D;ADAO;FLOOR;FABRICA ;PAL;105,00;105,00;100%;;;;;;
27/07/2026;D;ADAO;ABASTECIMENTO;PK1;PAL;25,00;25,00;100%;;;;;;
27/07/2026;D;ADAO;GRANEL;;TONS;36.470,00;36.470,00;100%;;;;;;
28/07/2026;A;TATIANE;GM;CROSS;TONS;13.845,00;6.800,00;49%;7.045,00;;;REALIZADO;PENDENTE;
28/07/2026;A;TATIANE;GM;GM;TONS;21.089,00;21.089,00;100%;;21.089,00;EPEEDYLOG;REALIZADO;PENDENTE;
28/07/2026;A;TATIANE;GRANEL;FM;TONS;10.000,00;;;;;;;;
28/07/2026;A;TATIANE;FM;FM;TONS;28.054,00;;;;;;;;
28/07/2026;A;TATIANE;FM;FM;TONS;28.054,00;;;;;;;;
28/07/2026;A;TATIANE;FM;FM;TONS;1.061,00;1.061,00;100%;;1061;EPEEDYLOG;REALIZADO;PENDENTE;
28/07/2026;A;TATIANE;FOB;FOB;TONS;11.823,00;11.823,00;100%;;25823;PROPRIO;REALIZADO;REALIZADO;
28/07/2026;A;TATIANE;GM;CO;TONS;23.363,00;;;;;;;;
28/07/2026;A;TATIANE;FM;FM ;TONS;19.422,00;;;;;EPEEDYLOG;;REALIZADO;
28/07/2026;A;TATIANE;GM;SP CAP / INT;TONS;6.632,00;6.632,00;100%;;;SMARTLOG;PENDENTE;PENDENTE;
28/07/2026;A;TATIANE;BR15;BR15;TONS;15.000,00;10.000,00;67%;5.000,00;1000;PROPRIO;PARCIAL;PARCIAL;
28/07/2026;A;TATIANE;FLOOR;FLOOR;PAL;60,00;60,00;100%;;;;;;
28/07/2026;A;TATIANE;FOB;FOB;TONS;20.334,00;20.334,00;100%;;20334;PROPRIO;REALIZADO;REALIZADO;
28/07/2026;A;TATIANE;GM;SUL;TONS;6.128,00;;;;;RENOVAÇÃO;;REALIZADO;
28/07/2026;B;THIAGO;GM;CANTINHO;TONS;28.480,00;28.480,00;100%;;28480;EPEEDYLOG;REALIZADO;REALIZADO;CONFERIDO
28/07/2026;B;THIAGO;GM;SUL;TONS;18.961,00;18.961,00;100%;;18961;RENOVAÇÃO;PENDENTE;PENDENTE;AGUARDANDO EMBARQUE
28/07/2026;B;THIAGO;GM;SP CAP / INT;TONS;650,00;650,00;100%;;;;;;
28/07/2026;B;THIAGO;GM;dispan;;16.570,00;16.570,00;100%;;;;;;CONFERIDO
28/07/2026;B;THIAGO;GM;nordeste;tons;2.422,00;2.422,00;100%;;;;;;EM CONFERENCIA
28/07/2026;B;THIAGO;GM;embaleme;TONS;6.900,00;6.900,00;100%;;3500;PROPRIO;PARCIAL;PARCIAL;
28/07/26;B;THIAGO;floor;;PAL;27,00;27,00;100%;;;;;;
28/07/2026;;;;MG;TONS;16.500,00;;;;;;;;
28/07/2026;B;THIAGO;abastecimento;;PAL;28,00;28,00;100%;;;;;;
29/07/2026;A;TATIANE;FOB;embaleme;TONS;3.065,00;3.065,00;100%;;3065;PROPRIO;;;
29/07/2026;A;TATIANE;GM;MG;TONS;18.923,00;18.923,00;100%;;3280;;PARCIAL;PENDENTE;MOTORISTA - PORTARIA
29/07/2026;A;TATIANE;GM;MIX TUDO;TONS;24.580,00;24.580,00;100%;;25360;PROPRIO;REALIZADO;REALIZADO;
29/07/2026;A;TATIANE;GM;MIX TUDO;TONS;10.238,00;10.238,00;100%;8.000,00;;;PENDENTE;PENDENTE;
29/07/2026;A;TATIANE;SEP BR 15;BR15;TONS;19.950,00;16.250,00;81%;3.700,00;8350;SMARTLOG;PARCIAL;PENDENTE;FALTA DEPARAR 2 DELIVERYS
29/07/2026;A;TATIANE;FM;FOB/FM;TONS;26.775,00;26.775,00;100%;;;PROPRIO;PENDENTE;PENDENTE;
29/07/2026;A;TATIANE;FOB;FOB;TONS;23.136,00;23.136,00;100%;;;PROPRIO;PENDENTE;PENDENTE;
29/07/2026;A;TATIANE;FOB;FOB;TONS;10.977,00;10.977,00;100%;;;;;;
29/07/2026;A;TATIANE;FOB;FOB;TONS;10.086,00;10.086,00;100%;;10.086,00;PROPRIO;REALIZADO;REALIZADO;
29/07/2026;A;TATIANE;GM;SP CAP / INT;TONS;580,00;580,00;100%;;580;SMARTLOG;REALIZADO;PENDENTE;
29/07/2026;B;THIAGO;GM;CROSS;TONS;21.686,00;21.686,00;100%;;;;;;INICIAR DO ZERO - Abastecido
29/07/2026;A;TATIANE;FLOOR;FLOR;PAL;70,00;70,00;100%;;;;;;
29/07/2026;B;THIAGO;fm;pandurata;TONS;28.054,00;28.054,00;100%;;28054;EPEEDYLOG;REALIZADO;REALIZADO;
29/07/2026;B;THIAGO;fm;siena;TONS;19.422,00;19.422,00;100%;;19422;EPEEDYLOG;REALIZADO;REALIZADO;
29/07/2026;B;THIAGO;fm;pandurata;TONS;28.054,00;28.054,00;100%;;28054;EPEEDYLOG;REALIZADO;REALIZADO;
29/07/2026;B;THIAGO;gm;brazalmeida;TONS;25.765,00;25.765,00;100%;;25765;;REALIZADO;PENDENTE;
29/07/2026;B;THIAGO;gm;rfc;TONS;16.195,00;16.195,00;100%;;;;;;
29/07/2026;B;THIAGO;FM;pandurata;TONS;28.054,00;28.054,00;100%;;28054;EPEEDYLOG;REALIZADO;REALIZADO;
29/07/2026;B;THIAGO;gm;DISPAN;TONS;5.422,00;;;;;;;;
29/07/2026;B;THIAGO;GM;CROSS D2;TONS;15.648,00;15.648,00;100%;;15648;D2;REALIZADO;PENDENTE;
29/07/2026;B;THIAGO;floor;;PAL;78,00;78,00;100%;;;;;;
30/07/2026;C;ADIB;GM;MIX TUDO ;;2.946,00;2.946,00;100%;;;PROPRIO;;PENDENTE;
30/07/2026;C;ADIB;FOB;COFERPAN;TONS;7.480,00;7.480,00;100%;;;PROPRIO;PENDENTE;PENDENTE;FALTA PEGAR 1 PALETE NIVÉL G ( FALTA MAQUINA )
30/07/2026;C;ADIB;FOB;ORGANI BRAZALMEIDA;TONS;21.814,00;21.814,00;100%;;;PROPRIO;PENDENTE;PENDENTE;FALTA PEGAR 1 PALETE NIVÉL G ( FALTA MAQUINA )
30/07/2026;C;ADIB;FM;PANDURATA;TONS;28.054,00;28.054,00;100%;;;EPEEDYLOG;REALIZADO;REALIZADO;PANDURATA - CARREGADO E LIBERADO
30/07/2026;C;ADIB;GM;SP CAP SP INT;TONS;6.430,00;6.430,00;100%;;;SMARTLOG;REALIZADO;REALIZADO;AGENDADAS DIA 31/07
30/07/2026;C;ADIB;FOB;PRODUPAN;TONS;1.717,00;1.717,00;100%;;;PROPRIO;PENDENTE;PENDENTE;
30/07/2026;C;ADIB;FOB;BRAZALMEIDA;TONS;29.768,00;29.768,00;100%;;;PROPRIO;PENDENTE;PENDENTE;
30/07/2026;C;ADIB;FM;PANDURATA;TONS;28.054,00;28.054,00;100%;;;SMARTLOG;REALIZADO;;PANDURATA - GUARULHOS
30/07/2026;C;ADIB;FOB;CASA PANIF;TONS;3.504,00;3.504,00;100%;;;PROPRIO;PENDENTE;PENDENTE;
30/07/2026;C;ADIB;FOB;CUNHAPAN;TONS;1.234,00;1.234,00;100%;;;PROPRIO;PENDENTE;PENDENTE;
30/07/2026;C;ADIB;GRANEL;PANDURATA;TONS;27.020,00;27.020,00;100%;;;JSL;REALIZADO;REALIZADO;LIBERADO
30/07/2026;C;ADIB;CACAU BR15;CACAU BR15;TONS;12.945,00;12.945,00;100%;;;SMARTLOG;REALIZADO;REALIZADO;CACAU BR15 - SEPARADO E FATURADO
30/07/2026;C;ADIB;RETORNO D2;RETORNO D2;PAL;30,00;30,00;100%;;;SMARTLOG;REALIZADO;REALIZADO;RETORNO D2 - IMPORTADO - ENTRADA REALIZADA
30/07/2026;D;ADAO;FOB;DISCAMPABAMBA;TONS;9.052,00;;;;;PROPRIO;PENDENTE;PENDENTE;FALTA SEPARARA - PENDENCIA PALETE NIVÉL G 
30/07/2026;D;ADAO;FOB;RFC / MIX TUDO;TONS;18.395,00;18.395,00;100%;;;;PENDENTE;;FALTA SEPARARA - PENDENCIA PALETE NIVÉL G 
30/07/2026;D;ADAO;FM;IBE;TONS;28.054,00;28.054,00;100%;;;EPEEDYLOG;REALIZADO;PENDENTE;
30/07/2026;D;ADAO;FM;PANDURATA;TONS;28.054,00;28.054,00;100%;;;SMARTLOG;REALIZADO;;
30/07/2026;D;ADAO;FM;CAPRICCHE SA;TONS;13.518,00;13.518,00;100%;;;EPEEDYLOG;REALIZADO;;
30/07/2026;D;ADAO;FM;PANDURATA;TONS;28.054,00;28.054,00;100%;;;EPEEDYLOG;REALIZADO;REALIZADO;
30/07/2026;D;ADAO;FOB;FOB;TONS;3.694,00;3.694,00;100%;;;PROPRIO;PENDENTE;;
30/07/2026;D;ADAO;FM;NESTLE;TONS;24.817,00;24.817,00;100%;;;EPEEDYLOG;REALIZADO;REALIZADO;
30/07/2026;D;ADAO;TRANSFERENCIA;BC MACEIO;TONS;18.836,00;18.836,00;100%;;;EPEEDYLOG;REALIZADO;REALIZADO;
30/07/2026;D;ADAO;CROSS LOGGIO;SP;TONS;8.915,00;8.915,00;100%;;;LOGUIO;REALIZADO;;
30/07/2026;D;ADAO;SMARTLOG;SP;TONS;5.151,00;5.151,00;100%;;;SMARTLOG;;;
30/07/2026;D;ADAO;FM;MAGNUM;TONS;26.507,00;26.507,00;100%;;;;;;
30/07/2026;D;ADAO;FLOOR;ABASTECIMENTO ;PAL;151,00;151,00;100%;;;;;;
31/07/2026;C;ADIB;FM;M DIAS;TONS;8.632,00;8.632,00;100%;;;EPEEDYLOG;REALIZADO;REALIZADO;AGUARDANDO CARRO 
31/07/2026;C;ADIB;FM;MAGNUM;TONS;12.720,00;12.720,00;100%;;;EPEEDYLOG;REALIZADO;REALIZADO;AGUARDANDO CARRO 
31/07/2026;C;ADIB;FM;PANDURATA;TONS;12.948,00;12.948,00;100%;;;EPEEDYLOG;REALIZADO;REALIZADO;AGUARDANDO CARRO 
31/07/2026;C;ADIB;FM;NESTLE;TONS;8.632,00;8.632,00;100%;;;EPEEDYLOG;REALIZADO;REALIZADO;AGUARDANDO CARRO 
31/07/2026;C;ADIB;FOB;PADEIRÃO;TONS;8.284,00;8.284,00;100%;;;PROPRIO;PENDENTE;PENDENTE;AGUARDANDO CARRO 
31/07/2026;C;ADIB;FOB;MIX TUDO;TONS;8.665,00;8.665,00;100%;;;PROPRIO;PENDENTE;PENDENTE;AGUARDANDO CARRO 
31/07/2026;C;ADIB;RECEB CACAU;CACAU;PAL;12,00;12,00;100%;;;TIO CARLO;REALIZADO;REALIZADO;REALIZADA ENTRADA E ARMAZENADO
31/07/2026;C;ADIB;GM;SP CAP;TONS;560,00;560,00;100%;;;SMARTLOG;REALIZADO;REALIZADO;
31/07/2026;C;ADIB;FOB;DISTRIB IMPORT;TONS;3.436,00;3.436,00;100%;;;PROPRIO;;;
31/07/2026;C;ADIB;ABASTECIMENTO ;C.OESTE/ES/NORTE;PAL;22,00;22,00;100%;;;;;;ABASTECIMENTO ROTAS C.OESTE/ES/NORTE
31/07/2026;D;ADAO;FOB;RFC / BRAZALMEIDA;TONS;33.495,00;33.495,00;100%;;;PROPRIO;REALIZADO;PENDENTE;
31/07/2026;D;ADAO;FOB;;TONS;835,00;835,00;100%;;;PROPRIO;REALIZADO;PENDENTE;
31/07/2026;D;ADAO;FOB;;TONS;15.582,00;15.582,00;100%;;;PROPRIO;REALIZADO;PENDENTE;
31/07/2026;D;ADAO;FOB;MIX TUDO;TONS;8.220,00;8.220,00;100%;;;PROPRIO;REALIZADO;PENDENTE;
31/07/2026;D;ADAO;FOB;;TONS;12.063,00;12.063,00;100%;;;PROPRIO;REALIZADO;;
31/07/2026;D;ADAO;FOB;;TONS;10.474,00;10.474,00;100%;;;PROPRIO;REALIZADO;;
31/07/2026;D;ADAO;FM;MAGNUM;TONS;20.338,00;20.338,00;100%;;;EPEEDYLOG;REALIZADO;;
31/07/2026;D;ADAO;FM;M DIAS;TONS;28.738,00;28.738,00;100%;;;EPEEDYLOG;REALIZADO;;
31/07/2026;D;ADAO;FM;NESTLE / PANDURATA;TONS;45.505,00;45.505,00;100%;;;EPEEDYLOG;REALIZADO;;
31/07/2026;D;ADAO;GM;RJ / SP;TONS;15.151,00;15.151,00;100%;;;;REALIZADO;;
31/07/2026;D;ADAO;FLOOR;PRODUÇÃO;PAL;155,00;155,00;100%;;;;;;
01/08/2026;A;TATIANE;FM;FM;TONS;23.518,00;23.518,00;100%;;;EPEEDYLOG;;REALIZADO;EXPEDIDO - JOSUE
01/08/2026;A;TATIANE;FOB;FOB;TONS;21.172,00;21.172,00;100%;;;PROPRIO;;REALIZADO;EXPEDIDO JONATAS 
01/08/2026;A;TATIANE;FOB;FOB;TONS;3.796,00;3.796,00;100%;;;PROPRIO;;REALIZADO;EXPEDIDO JOSÉ DENILSON
01/08/2026;A;TATIANE;FOB;FOB;TONS;12.323,00;12.323,00;100%;;;PROPRIO;;REALIZADO;EXPEDIDO MARIO
01/08/2026;A;TATIANE;FOB;FOB;TONS;3.375,00;3.375,00;100%;;;PROPRIO;;REALIZADO;EXPEDIDO MARCELO DANIEL
01/08/2026;A;TATIANE;FLOOR;FLOOR;PAL;50,00;50,00;100%;;;;;;
01/08/2026;A;TATIANE;GM;SUL;TONS;6.843,00;6.843,00;100%;;;;;REALIZADO;EXPEDIDO ODAIR
01/08/2026;A;TATIANE;INVENTÁRIO;INVENTÁRIO;;;;;;;;;;FALTA FINALIZAR RUA 04 LADO IMPAR
01/08/2026;A;TATIANE;REC CACAU;REC CACAU;TONS;67.000,00;67.000,00;100%;;;;;;FALTA DAR ENTRADA EM UMA NF 130867
08/01/2026;B;THIAGO;FLOOR;PRODUÇÃO / CACAU;PAL;;;;;;;;;
08/01/2026;B;THIAGO;INVENTÁRIO;INVENTÁRIO;;;;;;;;;;
02/08/2026;A;TATIANE;GRANEL;GRANEL;TONS;31.410,00;31.410,00;100%;;31410;JSL;REALIZADO;REALIZADO;
02/08/2026;A;TATIANE;FM;FM;TONS;26.507,00;26.507,00;100%;;;EPEEDYLOG;;REALIZADO;EXPEDIDO
04/08/2026;C;ADIB;REC CACAU;REC CACAU;PAL;25,00;25,00;100%;;;TIO CARLO;;;RECEBIDO E ARMAZENADO
04/08/2026;C;ADIB;CACAU BR15;CACAU;TONS;30.156,00;30.156,00;100%;;;SMARTLOG;REALIZADO;PARCIAL;ROTA SEPARADA - CARREGAMENTOS EM ANDAMENTO
04/08/2026;C;ADIB;REC CACAU;REC CACAU;PAL;26,00;26,00;100%;;;TIO CARLO;;;RECEBIDO E ARMAZENADO
08/05/2026;B;THIAGO;FM;SIENA;TONS;19.422,00;19.422,00;100%;;19422;EPEEDYLOG;REALIZADO;REALIZADO;
08/05/2026;B;THIAGO;FLOOR;;PAL;123,00;123,00;100%;;;;;;
06/08/2026;A;TATIANE;GRANEL;FM;TONS;26.000,00;26.230,00;101%;;26230;JSL;REALIZADO;REALIZADO;
06/08/2026;A;TATIANE;GRANEL;FM;TONS;10.000,00;12.150,00;122%;;12150;JSL;REALIZADO;REALIZADO;
06/08/2026;A;TATIANE;FM;FM;TONS;27.339,00;27.339,00;100%;;27339;EPEEDYLOG;REALIZADO;REALIZADO;
06/08/2026;A;TATIANE;FM;FM;TONS;14.721,00;14.721,00;100%;;14.721,00;EPEEDYLOG;REALIZADO;REALIZADO;
06/08/2026;A;TATIANE;FM;FM ;TONS;14.721,00;14.721,00;100%;;14.721,00;EPEEDYLOG;REALIZADO;REALIZADO;
06/08/2026;A;TATIANE;FM;FM ;TONS;12.948,00;12.948,00;100%;;12.948,00;EPEEDYLOG;REALIZADO;REALIZADO;
06/08/2026;A;TATIANE;FM;FM ;TONS;26.733,00;;;;;EPEEDYLOG;PENDENTE;PENDENTE;OTS GERADAS
06/08/2026;A;TATIANE;RECEBIMENTO;RECEBIMENTO;TONS;12.963,00;;;;;EPEEDYLOG;;;RECEBIMENTO FEITO
06/08/2026;A;TATIANE;FLOOR;FLOOR;;;;;;;EPEEDYLOG;REALIZADO;REALIZADO;
06/08/2026;A;TATIANE;SEP CACAU;SEP CACAU;TONS;28.569,00;28.569,00;100%;;28.569,00;;REALIZADO;PENDENTE;
06/08/2026;A;TATIANE;;;;;;;;;;;;
08/06/2026;B;THIAGO;cacau;cacau;TONS;800,00;800,00;100%;;800;SMARTLOG;REALIZADO;REALIZADO;
08/06/2026;B;THIAGO;FM;NESTLE;TONS;15.106,00;15.106,00;100%;;15106;EPEEDYLOG;REALIZADO;REALIZADO;
08/06/2026;B;THIAGO;FM;PANDURATA;TONS;24.800,00;24.800,00;100%;;24800;EPEEDYLOG;REALIZADO;REALIZADO;
08/06/2026;B;THIAGO;FM;PANDURATA;TONS;24.395,00;24.395,00;100%;;;;;;FATURAR QUANDO VEICULO CHEGAR
07/08/2026;C;ADIB;FM;CAMIL;TONS;12.948,00;12.948,00;100%;;12948;EPEEDYLOG;REALIZADO;PENDENTE;AGUARDANDO CARRO
07/08/2026;C;ADIB;FM;I.B.A.E;TONS;28.054,00;28.054,00;100%;;28054;EPEEDYLOG;REALIZADO;PENDENTE;AGUARDANDO CARRO
07/08/2026;C;ADIB;FM;MAGNUM;TONS;18.935,00;18.935,00;100%;;18935;EPEEDYLOG;REALIZADO;REALIZADO;CARREGADO E LIBERADO
07/08/2026;C;ADIB;SEP CACAU;CACAU ;TONS;7,50;7,50;100%;;7,5;SMARTLOG;REALIZADO;PARCIAL;SEPARADO E FATURADO
07/08/2026;C;ADIB;FM;PANDURATA;TONS;24.396,00;24.396,00;100%;;;SMARTLOG;REALIZADO;REALIZADO;CARREGADO E LIBERADO
07/08/2026;C;ADIB;GRANEL;UNILEVER;TONS;10.670,00;10.670,00;100%;;10670;JSL;REALIZADO;REALIZADO;GRANEL UNILEVER - LIBERAR CARRO AS 18:30
07/08/2026;C;ADIB;EXPORTAÇÃO;DGRX;TONS;13.422,00;13.422,00;100%;;13422;PROPRIO;REALIZADO;REALIZADO;FALTA LIBERAÇÃO EMIAL DIVERGENCIA
07/08/2026;D;ADAO;FOB;RFC/MBF;TONS;17.382,00;17.382,00;100%;;;PROPRIO;PENDENTE;PENDENTE;
07/08/2026;D;ADAO;SMT;SP;TONS;6.106,00;6.106,00;100%;;6.106,00;SMARTLOG;REALIZADO;;
07/08/2026;D;ADAO;GM;CARREFOUR;TONS;23.416,00;23.416,00;100%;;23416;EPEEDYLOG;REALIZADO;PENDENTE;FALTA ETIQUETAR COM AS ETIQUETA NUTRICIONAL
07/08/2026;D;ADAO;GM;NORTE;TONS;19.730,00;19.730,00;100%;;;TAFF;REALIZADO;PENDENTE;FALTA FINALIZAR A SEPARAÇÃO E FATURAR
07/08/2026;D;ADAO;GM;CO / ES;TONS;17.693,00;0,00;;17.693,00;;TAFF;REALIZADO;PENDENTE;OTS GERADAS FALTA SEPARAR
07/08/2026;D;ADAO;FLOOR / PK1;PRODUÇÃO;;122,00;122,00;100%;;;;;;
08/08/2026;C;ADIB;GM;NORTE;TONS;7.079,00;7.079,00;100%;;;TAFF;REALIZADO;PENDENTE;
08/08/2026;C;ADIB;GM;ESPIRITO SANTO;TONS;4.252,00;4.252,00;100%;;;TAFF;REALIZADO;PENDENTE;
08/08/2026;C;ADIB;GM;CARREFOUR;TONS;23.416,00;23.416,00;100%;;;EPEEDYLOG;REALIZADO;REALIZADO;CARGA ETIQUETADA E CARREGADA
08/08/2026;C;ADIB;GM;C.OESTE;TONS;13.441,00;10.380,00;77%;3.061,00;;TAFF;PARCIAL;PENDENTE;FINALIZAR SEPARAÇÕES
09/08/2026;A;TATIANE;GM;RJ;TONS;22.711,00;8.500,00;37%;;20.711,00;OMEGA X;PARCIAL;PENDENTE;FALTA TRÊS DELIVERYS PARA FATURAR
09/08/2026;A;TATIANE;GM;RJ;TONS;18.049,00;8.200,00;45%;;;OMEGA X;PENDENTE;PENDENTE;
09/08/2026;A;TATIANE;GRANEL;GRANEL;TONS;20.000,00;18.880,00;94%;;18.880,00;JSL;REALIZADO;REALIZADO;AGUARDANDO MOTORISTA ALEX VIR BUSCAR
09/08/2026;A;TATIANE;GRANEL;GRANEL;TONS;12.000,00;;;;;JSL;PENDENTE;PENDENTE;EM CARREGAMENTO
09/08/2026;A;TATIANE;SEP CACAU;CACAU BR15;TONS;12.327,00;8.171,00;66%;;1.200,00;;PARCIAL;PENDENTE;DELIVERY DE CACAU -  SEM SALDO
10/08/2026;A;TATIANE;GM;SUL;TONS;17.973,00;7.973,00;44%;;8.793,00;RENOVAÇÃO;PENDENTE;PENDENTE;SEPARADO PARCIAL
10/08/2026;A;TATIANE;SEP CACAU;CACAU BR15;TONS;12.327,00;12.327,00;100%;;12.327,00;;REALIZADO;PARCIAL;
10/08/2026;A;TATIANE;SEP CACAU;CACAU BR15;TONS;23.048,00;23.048,00;100%;;23.048,00;;REALIZADO;PENDENTE;
10/08/2026;A;TATIANE;GRANEL;GRANEL;TONS;30.000,00;28.580,00;95%;;28.580,00;JSL;REALIZADO;REALIZADO;
10/08/2026;A;TATIANE;FM;FM;TONS;14.000,00;14.721,00;105%;;14.721,00;EPEEDYLOG;REALIZADO;REALIZADO;
10/08/2026;A;TATIANE;FM;FM;TONS;16.065,00;16.065,00;100%;;;EPEEDYLOG;PENDENTE;PENDENTE;MOTORISTA AGUARDANDO - RODRIGO
10/08/2026;A;TATIANE;GM;SP;TONS;17.554,00;303,00;2%;;303;SMARTLOG;PARCIAL;PARCIAL;CARREGAMOS A AGENDA CRM
10/08/2026;A;TATIANE;FLOOR / PK1;FLOOR;PAL;120,00;100,00;83%;20,00;;;;;
10/08/2026;B;THIAGO;GM;SUL PR;TONS;10.000,00;10.000,00;100%;;15271;;;;
10/08/2026;B;THIAGO;GM;SUL SC;TONS;14.495,00;13.387,00;92%;1.108,00;;;;;falta de espaço e lentidao da equipe
10/08/2026;B;THIAGO;GM;SUL RS;TONS;21.393,00;;;;;;;;GERADO PARCIAL
10/08/2026;B;THIAGO;RECEBIMENTO;CACAU BR15;TONS;24.000,00;24.000,00;100%;;;;;;
10/08/2026;B;THIAGO;;cacau;tons;;;;;;;;;
10/08/2026;B;THIAGO;GM;HAMASAKI;TONS;1.385,00;1.385,00;100%;;;;;;
10/08/2026;B;THIAGO;ABASTECIMENTO;;PAL;22,00;22,00;100%;;;;;;
10/08/2026;B;THIAGO;FM;PANDURATA;TONS;25.522,00;25.522,00;100%;;25522;;;;
10/08/2026;B;THIAGO;;FLOOR/CACAU;PAL;140;140,00;100%;;;;;;
11/08/2026;C;ADIB;GM;SUL SC;TONS;1.108,00;1.108,00;100%;;13,387;TAFF;REALIZADO;PENDENTE;ELOG FALTA REMONTAR CARGA
11/08/2026;C;ADIB;GM;SUL RS;TONS;21.393,00;;;;;;;;
11/08/2026;C;ADIB;FM;MAGNUM ICC;TONS;26.354,00;26.354,00;100%;;26354;EPEEDYLOG;REALIZADO;REALIZADO;
11/08/2026;C;ADIB;FM;PANDURATA;TONS;25.552,00;25.552,00;100%;;25552;EPEEDYLOG;REALIZADO;REALIZADO;CARREGADO E LIBERADO
11/08/2026;C;ADIB;GM;SMARTLOG AGENDADA;TONS;2.967,00;;;;;;;;FALTA SEPARAR DELIVERY GERADAS
11/08/2026;C;ADIB;FOB;COFERPAN/C.COMER;TONS;6.959,00;3.956,00;57%;3.003,00;;PROPRIO;PENDENTE;PENDENTE;FALTA SEPARAR DELIVERY 17807983
11/08/2026;C;ADIB;GRANEL ;FRONERI;TONS;23.560,00;23.560,00;100%;;23560;JSL;REALIZADO;REALIZADO;LIBERADO
11/08/2026;C;ADIB;GRANEL;PANDURATA;TONS;28.270,00;28.270,00;100%;;28270;JSL;REALIZADO;REALIZADO;LIBERADO
11/08/2026;D;VINICIUS;FM;SIENA;TONS;19.990,00;19.990,00;100%;;19990;EPEEDYLOG;REALIZADO;REALIZADO;
11/08/2026;D;VINICIUS;FOB;DISPAN;TONS;22.003,00;22.003,00;100%;;0;PROPRIO;PENDENTE;PENDENTE;SEPARADO FALTA CONFERENCIA E FATURAMENTO
11/08/2026;D;VINICIUS;GM;MG/ NORDESTE;TONS;26.466,00;250,00;1%;26.216,00;;BORA;PENDENTE;PENDENTE;NORDESTE SEPARAÇÃO INICIADA FALTA FINALIZAR/ MG OTS GERADAS FALTA INICIAR A SEPARAÇAO
11/08/2026;D;VINICIUS;AGENDA ;SP;TONS;3.500,00;3.500,00;100%;;;SMARTLOG;;;
12/08/2026;C;ADIB;GM;NORDERSTE;TONS;7.605,00;7.605,00;100%;;;BORA;REALIZADO;PENDENTE;
12/08/2026;C;ADIB;FOB;CUNHAPAN /CASA PAN;TONS;24.963,00;24.963,00;100%;;;PROPRIO;PENDENTE;PENDENTE;AGUARDANDO CARRO
12/08/2026;C;ADIB;FOB;DISPAN;TONS;22.003,00;22.003,00;100%;;;PROPRIO;REALIZADO;REALIZADO;
12/08/2026;C;ADIB;GM;SMARTLOG AGENDADOS;TONS;6.780,00;6.780,00;100%;;;SMARTLOG;PARCIAL;PENDENTE;
12/08/2026;C;ADIB;FM;TOC MIX;TONS;26.000,00;26.000,00;100%;;;EPEEDYLOG;REALIZADO;PENDENTE;AGUARDANDO CARRO
12/08/2026;C;ADIB;FM;PANDURATA;TONS;28.054,00;28.054,00;100%;;;EPEEDYLOG;REALIZADO;REALIZADO;CARREGADO E LIBERADO
12/08/2026;C;ADIB;CACAU;CACAU;TONS;7.644,00;7.644,00;100%;;;SMARTLOG;REALIZADO;PENDENTE;
12/08/2026;C;ADIB;DESCARTE;DESCARTE INTERAÇÃO;PAL;26,00;26,00;100%;;;PROPRIO;REALIZADO;REALIZADO;SEPARADO CARREGADO E LIBERADO 
12/08/2026;D;VINICIUS;GM;MG;TONS;17.618,00;0,00;;17.618,00;;BORA;PENDENTE;PENDENTE;FALTA SEPARAR
12/08/2026;D;VINICIUS;FM;PANDURATA/SIENA/ NESTLE;TONS;110.492,00;110.492,00;100%;;;;;;
12/08/2026;D;VINICIUS;GM;MG/ SMT / RIBERFOODS;TONS;24.107,00;24.107,00;100%;;;;;;
12/08/2026;D;VINICIUS;FLOOR / PK1;PRODUÇÃO;;55,00;55,00;100%;;;;;;SEPARADO  FALTA FATURAR
13/08/2026;A;TATIANE;FOB;FOB 13/08;TONS;35.486,00;33.722,00;95%;1.764,00;11016;;PARCIAL;PARCIAL;
13/08/2026;A;TATIANE;FM;FM;TONS;16.586,00;16.586,00;100%;;16586;EPEEDYLOG;REALIZADO;PARCIAL;
13/08/2026;A;TATIANE;SP CAP/INT;SP CAP/INT;TONS;16.796,00;16.796,00;100%;;16.015,00;SMARTLOG;PARCIAL;PARCIAL;
13/08/2026;A;TATIANE;GM;GM;TONS;9.155,00;9.155,00;100%;;9.155,00;BORA;REALIZADO;PARCIAL;
13/08/2026;A;TATIANE;GRANEL;GRANEL;TONS;26.000,00;25.910,00;100%;90,00;25.910,00;JSL;REALIZADO;REALIZADO;
13/08/2026;A;TATIANE;FLOOR / PK1;PRODUÇÃO;PAL;100,00;80,00;80%;20,00;;;;;
13/08/2026;A;TATIANE;SEP CACAU;CACAU;TONS;14.873,00;12.643,00;85%;;;;PENDENTE;PENDENTE;SEPARADO -  CONFERIR E FATURAR
13/08/2026;B;THIAGO;FM;nestle;TONS;11.869,00;11.869,00;100%;;11869;;;;
13/08/2026;B;THIAGO;SP CAP/INT;;TONS;18.233,00;18.233,00;100%;;18233;;;;
13/08/2026;B;THIAGO;FM;nestle;TONS;10.790,00;10.790,00;100%;;1;;;;
13/08/2026;B;THIAGO;GRANEL;pandurata;TONS;23.880,00;23.880,00;100%;;23880;;;;
13/08/2026;B;THIAGO;abastecimento;;PAL;37,00;37,00;100%;;;;;;
13/08/2026;B;THIAGO;FM;PANDURATA;;;;;;25052;;;;
13/08/2026;B;THIAGO;FM;PANDURATA;;;;;;28054;;;;
13/08/2026;B;THIAGO;GM;CROSS CO/NO/ES 1;TONS;14.542,00;14.542,00;100%;;14542;;;;
13/08/2026;B;THIAGO;GRANEL;UNILEVER;TONS;9.470,00;9.470,00;100%;;9470;;;;
13/08/2026;B;THIAGO;;FLOOR/CACAU;PAL;110,00;;;;;;;;
13/08/2026;B;THIAGO;;;;;;;;;;;;
14/08/2026;A;TATIANE;GM;GM;TONS;13.355,00;5.355,00;40%;;;TAFF;REALIZADO;REALIZADO;
14/08/2026;A;TATIANE;GM;GM;TONS;12.587,00;12.587,00;100%;;12.857,00;TAFF;REALIZADO;PENDENTE;
14/08/2026;A;TATIANE;GM;GM;TONS;18.784,00;18.784,00;100%;;18.784,00;;;;
14/08/2026;A;TATIANE;GM;GM;TONS;16.569,00;16.569,00;100%;;16.659,00;EPEEDYLOG;REALIZADO;REALIZADO;
14/08/2026;A;TATIANE;FOB;FOB 14/08;TONS;1.702,00;1.702,00;100%;;1.702,00;PROPRIO;REALIZADO;PENDENTE;
14/08/2026;A;TATIANE;FOB;FOB 14/08;TONS;14.518,00;;;;;;PENDENTE;PENDENTE;GERADO- SEPARAR
14/08/2026;A;TATIANE;CACAU;REC CACAU;TONS;24.000,00;24.000,00;100%;;;TIO CARLO;;;
14/08/2026;A;TATIANE;CACAU;CACAU;TONS;22.981,00;22.981,00;100%;;;;PENDENTE;PENDENTE;
14/08/2026;B;THIAGO;SP CAP/INT;SP CAP/INT;TONS;1.828,00;;;;1.828,00;SMARTLOG;REALIZADO;PENDENTE;
14/08/2026;A;TATIANE;MACEIO;MACEIO;TONS;13.209,00;13.209,00;100%;;13.209,00;EPEEDYLOG;REALIZADO;REALIZADO;
14/08/2026;B;THIAGO;;abastecimento;PAL;49,00;;;;;;;;
14/08/2026;B;THIAGO;FOB;oesa;;14.418,00;14.418,00;100%;;;;;;
14/08/2026;B;THIAGO;GM;CROSS SUL;TONS;18.460,00;18.460,00;100%;;18.460,00;;;;
14/08/2026;B;THIAGO;FM;PANDURATA;TONS;20.732,00;20.732,00;100%;;20.732,00;;;;
14/08/2026;B;THIAGO;GM;CROSS D2;TONS;15.477,00;;;;;;;;gerado falta montar processo
14/08/2026;B;THIAGO;granel;pandurata;TONS;27.690,00;27.690,00;100%;;27.690,00;;;;
14/08/2026;B;THIAGO;fob;lojas doce;TONS;3.013,00;3.013,00;100%;;;;;;em conferencia
14/08/2026;B;THIAGO;cacau;;TONS;21.547,00;;;;21.547,00;;;;
14/08/2026;B;THIAGO;floor;;PAL;113,00;;;;;;;;
15/08/2026;C;ADIB;GM;CROSS D2;TONS;15.476,00;15.476,00;100%;;;D2;REALIZADO;REALIZADO;FALTA BAIXAR ALGUMAS POSIÇÕES ALTO
15/08/2026;C;ADIB;FM;I.B.A.E;TONS;28.054,00;28.054,00;100%;;28054;SPEEDYLOG;REALIZADO;REALIZADO;CARREGADO E LIBERADO
15/08/2026;C;ADIB;GM;SMARTLOG AGENDADOS;TONS;2.700,00;2.700,00;100%;;2700;SMARTLOG;REALIZADO;PENDENTE;SEPARADO E FATURADO (AGUARDANDO CARRO)
15/08/2026;D;VINICIUS;FOB;PRODUPAN / CUNHAPAN;TONS;9.817,00;9.817,00;100%;;9817;PROPRIO;REALIZADO;REALIZADO;CARREGADO E LIBERADO
15/08/2026;C;ADIB;FOB;ORG BRAZALMEIDA;TONS;5.254,00;5.254,00;100%;;5254;PROPRIO;REALIZADO;REALIZADO;CARREGADO E LIBERADO
15/08/2026;D;VINICIUS;GM;SMARTLOG AGENDADO/DIRETAS;PAL;5;5;100%;;2280;SMARTLOG;REALIZADO;REALIZADO;CARREGADO E LIBERADO
15/08/2026;D;VINICIUS;FM;PANDURATA / IBAE;TONS;52.358,00;52.358,00;100%;;;SPEEDYLOG;PENDENTE;PENDENTE;SEPARADO, AGUARDANDO FATURAMENTO
15/08/2026;D;VINICIUS;FOB;MARCOS ARTIGOS;TONS;15.779,00;15.779,00;100%;;15779;PROPRIO;REALIZADO;PENDENTE;SEPARADO E FATURADO (AGUARDANDO CARRO)
15/08/2026;D;VINICIUS;GM;CROSS D2;TONS;1.079,00;1.079,00;100%;;1.079,00;D2;REALIZADO;REALIZADO;SEPARADO E FATURADO (AGUARDANDO CARRO)
15/08/2026;D;VINICIUS;GM;SMARTLOG AGENDADO/DIRETAS;TONS;25.739,00;25.739,00;100%;;20739;SMARTLOG;PARCIAL;PENDENTE;
15/08/2026;D;VINICIUS;PRODUÇÃO;PALETE;PAL;107;107;100%;;;;;;
16/08/2026;C;ADIB;FOB;ATACADÃO;TONS;9.798,00;9.798,00;100%;;9798;PROPRIO;REALIZADO;REALIZADO;SEPARADO FATURADO E CARREGADO
16/08/2026;C;ADIB;FOB;ATACADÃO;TONS;9.468,00;9.468,00;100%;;9468;PROPRIO;REALIZADO;REALIZADO;SEPARADO FATURADO E CARREGADO
16/08/2026;C;ADIB;CACAU;FRUTAROM;TONS;10.400,00;10.400,00;100%;;10400;SPEEDYLOG;REALIZADO;REALIZADO;SEPARADO FATURADO E CARREGADO
16/08/2026;C;ADIB;GM;SMARTLOG AGENDADO/DIRETAS;TONS;15.664,00;15.664,00;100%;;15664;SMARTLOG;REALIZADO;PARCIAL;
16/08/2026;C;ADIB;GM;CROSS RJ;TONS;12.636,00;12.636,00;100%;;12636;OMEGA X;PENDENTE;PENDENTE;FALTA FATURAR
16/08/2026;C;ADIB;FM;PANDURATA ;TONS;24.304,00;24.304,00;100%;;24304;SPEEDYLOG;REALIZADO;REALIZADO;CARREGADO E LIBERADO
16/08/2026;D;VINICIUS;GM;SMARTLOG AGENDADOS 18/08;TONS;9.694,00;9.694,00;100%;;;SMARTLOG;PENDENTE;PENDENTE;SEPARADO, AGUARDANDO FATURAMENTO
16/08/2026;D;VINICIUS;FM;PANDURATA / SORVETE JUNDIÁ / NESTLÉ;TONS;78.446,00;78.446,00;100%;;39778;SPEEDYLOG;PARCIAL;PARCIAL;
16/08/2026;D;VINICIUS;GM;ROTA SUL;TONS;24.758,00;13.375,00;54%;11.383,00;7492;RENOVAÇÃO;PENDENTE;PENDENTE;OT'S GERADAS - PENDENTE SEPARAÇÃO SC
16/08/2026;D;VINICIUS;ABASTECIMENTO;PALETE / POSIÇÃO;POSIÇÃO;137,00;137,00;100%;;;;;;
17/08/2026;A;TATIANE;GM;GM;TONS;8.596,00;8.596,00;100%;;8596;RENOVAÇÃO;REALIZADO;PARCIAL;
17/08/2026;A;TATIANE;CACAU;CACAU;TONS;5.627,00;5.627,00;100%;;5627;;REALIZADO;REALIZADO;
17/08/2026;A;TATIANE;CACAU;CACAU;TONS;4.000,00;4.000,00;100%;;;TIO CARLO;;;
17/08/2026;A;TATIANE;GM;SMART;TONS;16.000,00;16.000,00;100%;;;SMARTLOG;PENDENTE;PENDENTE;
17/08/2026;A;TATIANE;FOB;FOB;TONS;8.530,00;8.530,00;100%;;8530;PROPRIO;REALIZADO;PENDENTE;MOTORISTA NO PATIO
17/08/2026;A;TATIANE;FOB;FOB;TONS;730,00;730,00;100%;;730;PROPRIO;REALIZADO;REALIZADO;
17/08/2026;A;TATIANE;GM;SP;TONS;5.380,00;5.380,00;100%;;;SMARTLOG;PENDENTE;PENDENTE;PENDENTE DE CONFERÊNCIA 
17/08/2026;A;TATIANE;GRANEL;GRANEL;TONS;9.260,00;9.260,00;100%;;;JSL;PENDENTE;PENDENTE;PENDENTE DE APONTAMENTO DE SALDO
17/08/2026;B;THIAGO;gm;MG;TONS;32.005,00;32.005,00;100%;;;;;;
17/08/2026;B;THIAGO;abastecimento;;PAL;49,00;49,00;100%;;;;;;
17/08/2026;B;THIAGO;GRANEL;UNILEVER;TONS;9.260,00;9.260,00;100%;;9260;;;;
17/08/2026;B;THIAGO;CACAU;;TONS;21.450,00;21.450,00;100%;;;;;;
17/08/2026;B;THIAGO;FM;PANDURATA;TONS;28054;28.054,00;100%;;28054;;;;
17/08/2026;B;THIAGO;FLOOR / CACAU;ARMAZENAMENTO;PAL;108,00;108,00;100%;;;;;;
18/08/2026;A;TATIANE;SP;SP;TONS;15.206,00;;;;;LOGUIO;PENDENTE;PENDENTE;CROSS MONTADO- SEPARAR E FATURAR
18/08/2026;A;TATIANE;CACAU;CACAU;TONS;21.618,00;1.500,00;7%;;21618;;REALIZADO;PENDENTE;
18/08/2026;A;TATIANE;CACAU;CACAU;TONS;4.000,00;4.000,00;100%;;;;;;
18/08/2026;A;TATIANE;FOB;FOB;TONS;13.542,00;13.542,00;100%;;13542;PROPRIO;REALIZADO;PENDENTE;MOTORISTA NA DOCA
18/08/2026;A;TATIANE;GM;GM;TONS;29.216,00;;;;29216;;;;
18/08/2026;A;TATIANE;GM;GM;TONS;13.601,00;13.009,00;96%;592,00;16601;BORA;REALIZADO;PENDENTE;
18/08/2026;A;TATIANE;FOB;FOB;TONS;17.977,00;17977,74;;;17977,74;;;;
18/08/2026;A;TATIANE;GRANEL;GRANEL;TONS;27.210,00;27.210,00;100%;;27210;JSL;REALIZADO;REALIZADO;
18/08/2026;A;TATIANE;ABASTECIMENTO;;PAL;13,00;13,00;100%;;;;;;
18/08/2026;A;TATIANE;FLOOR / CACAU;FLOOR/CACAU;PAL;120,00;110,00;92%;;;;;;
18/08/2026;B;THIAGO;FM;PANDURATA;TONS;28.054,00;28.054,00;100%;;;;;;
18/08/2026;B;THIAGO;GM;co ;TONS;44.480,00;44.480,00;100%;;;;;;
18/08/2026;B;THIAGO;CACAU;;TONS;20.875,00;20.875,00;100%;;20875;;;;
18/08/2026;B;THIAGO;FLOOR / CACAU;;PAL;85,00;85,00;100%;;;;;;
19/08/2026;C;ADIB;GM;SUL PR;TONS;15.765,00;15.765,00;100%;;15765;RENOVAÇÃO;;PENDENTE;CROSS PR ( SEPARADO ) 
19/08/2026;C;ADIB;GM;SUL SC;TONS;2.764,00;2.764,00;100%;;;RENOVAÇÃO;;PENDENTE;CROSS SC ( SEPARADO )
19/08/2026;C;ADIB;GM;SMARTLOG DIRETAS AGING;TONS;1.633,00;1.633,00;100%;;;SMARTLOG;REALIZADO;PENDENTE;
19/08/2026;C;ADIB;FOB;BRUXELAS;TONS;525,00;525,00;100%;;525;PROPRIO;REALIZADO;REALIZADO; SEPARADO CARREGADO E LIBERADO
19/08/2026;C;ADIB;FM;SIENA;TONS;19.422,00;19.422,00;100%;;19422;SPEEDYLOG;REALIZADO;REALIZADO;SEPARADO CARREGADO E LIBERADO
19/08/2026;C;ADIB;FM;PANDURATA;TONS;28.054,00;28.054,00;100%;;28054;SPEEDYLOG;REALIZADO;REALIZADO;
19/08/2026;D;VINICIUS;GM;CROSS LOGGIO;TONS;15.822,00;15.822,00;100%;;15822;LOGUIO;REALIZADO;PENDENTE;SEPARADO E FATURADO
19/08/2026;D;VINICIUS;GM;SUL RS;TONS;20.881,00;10.029,00;48%;10.852,00;;RENOVAÇÃO;PENDENTE;PENDENTE;GERADO - SEPARADO PARCIAL
19/08/2026;D;VINICIUS;GM;SMARTLOG AGENDADA;TONS;13.685,00;13.685,00;100%;;;SMARTLOG;REALIZADO;REALIZADO;CARREGADO E LIBERADO
19/08/2026;D;VINICIUS;FM;PANDURATA / NESTLE;TONS;43.160,00;43.160,00;100%;;;SPEEDYLOG;REALIZADO;PARCIAL;NESTLE CARREGADO E LIBERADO / PANDURATA AGUARDANDO COLETA
19/08/2026;D;VINICIUS;TRANSFERENCIA;CANAL DIRETO;TONS;16.010,00;16.010,00;100%;;16.010,00;SMARTLOG;REALIZADO;REALIZADO;CARREGADO E LIBERADO
;;;;;;;;;;;;;;
19/08/2026;D;VINICIUS;ABASTECIMENTO;PALETE / POSIÇÃO;POSIÇÃO;162,00;162,00;100%;;;;;;
20/08/2026;C;ADIB;GM;SUL RS;TONS;10.852,00;10.852,00;100%;10.852,00;;RENOVAÇÃO;REALIZADO;PENDENTE;SEPARADO E FATURADO
20/08/2026;C;ADIB;GM;MARTINS DA COSTA;TONS;10.790,00;10.790,00;100%;;10.790,00;SMARTLOG;REALIZADO;REALIZADO;CARREGADO E LIBERADO
20/08/2026;C;ADIB;TRANSFERENCIA;CANAL DIRETO;TONS;17.194,00;17.194,00;100%;;17.194,00;SMARTLOG;PENDENTE;PENDENTE;FALTA ALTERAR RETIRAR 1 CAIXA / REALIZAR TRANSF
20/08/2026;C;ADIB;FM;PANDURATA ;TONS;12.948,00;12.948,00;100%;12.948,00;;SPEEDYLOG;REALIZADO;REALIZADO;
20/08/2026;C;ADIB;FOB;COMERCIO ATACADISTA;TONS;8.934,00;8.934,00;100%;8.934,00;;PROPRIO;REALIZADO;REALIZADO;SEPARADO CARREGADO E LIBERADO
20/08/2026;C;ADIB;CACAU;CACAU BR15;TONS;15.900,00;12.558,00;79%;3.342,00;;SMARTLOG;PARCIAL;PARCIAL;
20/08/2026;D;VINICIUS;GM;AGENDADAS SMART;TONS;46.020,00;37.777,00;82%;8.243,00;;SMARTLOG;PARCIAL;PENDENTE;GERADO - SEPARADO E FATURADO PARCIAL
20/08/2026;D;VINICIUS;MOVIMENTAÇÃO;QUALIDADE;PAL;44,00;44,00;100%;;;;;;CAIXAS RETIRADAS PARA QUALIDADE
20/08/2026;D;VINICIUS;FM;PANDURATA;TONS;28.054,00;28.054,00;100%;;;SPEEDYLOG;PENDENTE;PENDENTE;SEPARADO
20/08/2026;D;VINICIUS;FM;MARILAN;TONS;21.580,00;21.580,00;100%;;21.580,00;SPEEDYLOG;REALIZADO;REALIZADO;CARREGADO E LIBERADO
20/08/2026;D;VINICIUS;FOB;LUZIA MEIRE;TONS;19.146,00;19.146,00;100%;;19.146,00;FIRMEZA;REALIZADO;PENDENTE;FATURADO - AGUARDANDO COLETA
21/08/2026;A;TATIANE;GM;CROSS 12 SP DIRETA D2;TONS;16.900,00;;;16.900,00;;D2;PENDENTE;PENDENTE;ABASTECIDO - PENDENTE GERAR
21/08/2026;A;TATIANE;GM;SP;TONS;58.680,00;58.680,00;100%;;58680;SMART;REALIZADO;REALIZADO;
21/08/2026;A;TATIANE;FOB;OC ALIMENTOS;TONS;751,00;;;751,00;;;PENDENTE;PENDENTE;GERAR DO ZERO
21/08/2026;A;TATIANE;FM;PANDURATA;TONS;68.690,00;68.690,00;100%;;68690;SPEEDY;REALIZADO;REALIZADO;
21/08/2026;A;TATIANE;GM;PADEIRÃO;TONS;23.100,00;23.100,00;100%;;;SPEEDY;PENDENTE;PENDENTE;SEPARADO NA RUA 13
21/08/2026;A;TATIANE;CACAU;CACAU;TONS;30.557,00;30.557,00;100%;;;;PENDENTE;PENDENTE;FATURAR
21/08/2026;B;THIAGO;GM;CO-ES-NO 1;TONS;18.200,00;18.200,00;100%;;18200;;;;
21/08/2026;B;THIAGO;GM;CO-ES-NO 2;TONS;16.640,00;16.640,00;100%;;16640;;;;
21/08/2026;B;THIAGO;GM;CO-ES-NO 3;TONS;15.400,00;15.400,00;100%;;15400;;;;
21/08/2026;B;THIAGO;GM;CO-ES-NO 4;TONS;13.400,00;13.400,00;100%;;13400;;;;
21/08/2026;B;THIAGO;FOB;SVP;TONS;7.899,00;7.899,00;100%;;7636;;;;
22/08/2026;A;TATIANE;FOB;SVP;TONS;21.954,00;;;21.954,00;;PRÓPRIO;PENDENTE;PENDENTE;GERADO - SEPARAR
22/08/2026;A;TATIANE;FOB;PRODUPAN / ATACADÃO;TONS;39.633,00;39.633,00;100%;;30.164,00;PRÓPRIO;PARCIAL;PARCIAL;CARREGADO DOIS ATACADÃO E 1 PRODUPAN, FALTA 1 PRODUPAN PARA CARREGAR - MOTORISTA SIDENEI
22/08/2026;A;TATIANE;GM;CROSS D2;TONS;12.364,00;7.364,00;60%;5.000,00;12.364,00;D2;REALIZADO;PENDENTE;FALTA SEPARAR PICKING ID 15,14,18,17
22/08/2026;A;TATIANE;GM;RJ 17/08;TONS;17.014,00;;;17.014,00;;OMX;PENDENTE;PENDENTE;LOTES TRATADOS - GERAR DO ZERO
22/08/2026;A;TATIANE;SP;SP AGENDAS 24/08;TONS;19.431,00;;;19.431,00;;SMART;PENDENTE;PENDENTE;LOTES TRATADOS - GERAR DO ZERO
22/08/2026;A;TATIANE;GRANEL;PANDURATA;TONS;26.000,00;;;26.000,00;;;PENDENTE;PENDENTE;EM CARREGAMENTO
22/08/2026;A;TATIANE;CACAU;CACAU;TONS;7.100,00;7.100,00;100%;;7.100,00;;REALIZADO;PENDENTE;
22/08/2026;A;TATIANE;RECEBIMENTO;RETORNO DA OMX;TONS;11.989,00;11.989,00;100%;;;OMX;;;RECEBIDO - ENTRADA PARCIAL- ITENS SEM SALDO
22/08/2026;B;THIAGO;GM;festinha;tons;4.411,00;4.411,00;100%;;;;;;
22/08/2026;B;THIAGO;ABASTECIMENTO;;PAL;40,00;40,00;100%;;;;;;
22/08/2026;B;THIAGO;GM;SMT;TONS;5.779,00;5.779,00;100%;;;;;;
22/08/2026;B;THIAGO;FOB;SVP;TONS;22.738,00;22.738,00;100%;;22738;;;;
22/08/2026;B;THIAGO;FOB;SVP;TONS;21.954,00;21.954,00;100%;;;;;;
22/08/2026;B;THIAGO;cacau;;tons;14.000,00;0,00;;14.000,00;;;;;
22/08/2026;B;THIAGO;granel;pandurata;tons;25.960,00;25.960,00;100%;;;;;;
22/08/2026;B;THIAGO;GM;CROSS RJ;TONS;17.014,00;8.776,00;52%;8.238,00;;;;;
22/08/2026;B;THIAGO;FLOOR / CACAU;;PAL;119,00;119,00;100%;;;;;;
23/08/2026;C;ADIB;CROSS RJ;CROSS RJ;TONS;8.238,00;8.238,00;100%;8.238,00;;;REALIZADO;PENDENTE;AGUARDANDO CARRO 
23/08/2026;C;ADIB;FOB;CASA DA PANIFICAÇÃO;TONS;8.284,00;8.284,00;100%;8.284,00;;;REALIZADO;PENDENTE;AGUARDANDO CARRO 
23/08/2026;C;ADIB;GRANEL;TOP CAU;TONS;25.810,00;25.810,00;100%;;25810;;REALIZADO;REALIZADO;FATURADO E LIBERADO
23/08/2026;C;ADIB;RECEBIMENTO CACAU;CACAU;PAL;26,00;26,00;100%;;;;;;RECEBIMENTO CACAU ( LUNARDI ) RECEBIDO E ARMAZENADO
23/08/2026;C;ADIB;FOB;MERCADO DO SABOR;TONS;10.510,00;10.510,00;100%;;;;PENDENTE;PENDENTE;FOB PROGRAMAÇÃO DIA 24/08
23/08/2026;C;ADIB;FOB;PRASO PLATAFORMA;TONS;8.410,00;8.410,00;100%;;;;PENDENTE;PENDENTE;FOB PROGRAMAÇÃO DIA 24/08
23/08/2026;D;VINICIUS;GM;SMT001DI;TONS;2.108,00;2.108,00;100%;;2.108,00;;PENDENTE;PENDENTE;SMARTLOG DIRETAS 24/08
23/08/2026;C;ADIB;GM;SMT002DI;TONS;4.840,00;4.840,00;100%;;4.840,00;;REALIZADO;PENDENTE;SMARTLOG DIRETAS 24/08
23/08/2026;C;ADIB;GM;SMT003DI;TONS;1.684,00;1.684,00;100%;;1.684,00;;REALIZADO;PENDENTE;SMARTLOG DIRETAS 24/08
23/08/2026;C;ADIB;GM;SMT004DI;TONS;1.187,00;1.187,00;100%;;1.187,00;;REALIZADO;PENDENTE;SMARTLOG DIRETAS 24/08
23/08/2026;C;ADIB;GM;SMT005DI;TONS;941,00;941,00;100%;;941,00;;REALIZADO;PENDENTE;SMARTLOG DIRETAS 24/08
23/08/2026;D;VINICIUS;GM;CROSS SUL ;TONS;21.888,00;20.545,00;94%;1.343,00;14561;;PARCIAL;PARCIAL;PENDENTE FINALIZAR SEPARAÇÃO 2 PAL RS
23/08/2026;D;VINICIUS;FOB;JG ESPAÇO DO CHEF LTDA;TONS;9.012.686;9.012.686;100%;;9.012.686;;REALIZADO;REALIZADO;EMBARCADO E LIBERADO
23/08/2026;D;VINICIUS;FLOOR;MOVIMENTAÇÃO;PAL;71,00;71,00;100%;;;;;;REALIZADO TOTAL
24/08/2026;C;ADIB;GM;CROSS SUL ;TONS;21.888,00;21.888,00;100%;;21888;;REALIZADO;PENDENTE;AGUARDANDO CARRO 
24/08/2026;C;ADIB;GM;CHOCOLATES GAROTO;TONS;60,00;60,00;100%;;60;;REALIZADO;REALIZADO;CARREGADO E LIBERADO
24/08/2026;C;ADIB;GM;STA DISTRIB;TONS;21.954,00;21.954,00;100%;;21954;;REALIZADO;PENDENTE;SEPARADO E FATURADO
24/08/2026;C;ADIB;CACAU;CACAU BR15;TONS;4.211,00;4.211,00;100%;;;;REALIZADO;PARCIAL;CARREGAMENTOS EM ANDAMENTO
24/08/2026;C;ADIB;GM;SMARTLOG AGENDADAS;TONS;14.400,00;14.400,00;100%;;;;PENDENTE;PENDENTE;NEW FESTA - AGENDADAS SMARTLOG
24/08/2026;C;ADIB;GM;SMARTLOG AGENDADAS;TONS;8.632,00;8.632,00;100%;;;;PENDENTE;PENDENTE;CPQ BRASIL - AGENDADAS SMARTLOG
24/08/2026;C;ADIB;FOB;COM LUZIA MEIRE;TONS;10.212,00;10.212,00;100%;;;;PENDENTE;PENDENTE;PROGRAMAÇÃO DIA 31/08
24/08/2026;C;ADIB;GM;SMT001DI DIRETAS 26/08;TONS;3.372,00;3.372,00;100%;;;;REALIZADO;PENDENTE;SEPARADO E FATURADO 
24/08/2026;C;ADIB;GM;SMT002DI DIRETAS 26/08;TONS;1.389,00;1.389,00;100%;;;;REALIZADO;PENDENTE;SEPARADO E FATURADO 
24/08/2026;C;ADIB;GM;SMT003DI DIRETAS 26/08;TONS;666,00;666,00;100%;;;;REALIZADO;PENDENTE;SEPARADO E FATURADO 
24/08/2026;C;ADIB;GM;SMT004DI DIRETAS 26/08;TONS;289,00;289,00;100%;;;;REALIZADO;PENDENTE;SEPARADO E FATURADO 
24/08/2026;C;ADIB;FOB;PRASO PLATAFORMA;TONS;5.920,00;5.920,00;100%;;;;PENDENTE;PENDENTE;SEPARADO E FATURADO 
24/08/2026;C;ADIB;CACAU;CACAU BR15;TONS;14.000,00;14.000,00;100%;;;;REALIZADO;REALIZADO;SEPARADO CARREGADO E LIBERADO
24/08/2026;C;ADIB;FOB;GELATERIA 4 ESTAÇÕES;TONS ;4.385,00;4.385,00;100%;;;;REALIZADO;REALIZADO;CARRO NA DOCA FALTA CARREGAR
24/08/2026;C;ADIB;GRANEL ;PANDURATA;TONS ;22.050,00;22.050,00;100%;;22050;;REALIZADO;REALIZADO;FATURADO FALTA LIBERAR
24/08/2026;D;VINICIUS;FM;I.B.A.E;TONS ;26.090,00;26.090,00;100%;;26.090,00;;REALIZADO;REALIZADO;CARREGADO E LIBERADO
24/08/2026;D;VINICIUS;FM;NESTLE;TONS ;15.078,00;15.078,00;100%;;15.078,00;;REALIZADO;PENDENTE;FATURADO - AGUARDANDO COLETA - CARRO EM DOCA
24/08/2026;D;VINICIUS;FOB;COM AZEVEDO;TONS ;16.570,00;16.570,00;100%;;;;PENDENTE;PENDENTE;PENDENTE FATURAMENTO - CARRO EM DOCA
24/08/2026;D;VINICIUS;FOB;CHOK DOCE;TONS ;14.822,00;14.822,00;100%;;14.822,00;;REALIZADO;PENDENTE;FATURADO - AGUARDANDO COLETA - CARRO AGUARDANDO
24/08/2026;D;VINICIUS;FLOOR;MOVIMENTAÇÃO;PAL;87,00;87,00;100%;;;;;;
25/08/2026;A;TATIANE;FOB;SVP ;TONS ;13.769,00;13.769,00;100%;;13.769,00;PRÓPRIO;REALIZADO;REALIZADO;
25/08/2026;A;TATIANE;FOB;LUZIA MEIRE;TONS ;19.543,00;19.543,00;100%;;19.543,00;PRÓPRIO;REALIZADO;REALIZADO;
25/08/2026;A;TATIANE;FOB;RFC;TONS ;17.870,221;;;17.870,221;;PRÓPRIO; PENDENTE;PENDENTE;GERADO FALTA SEPARAR
25/08/2026;A;TATIANE;FOB;SPADOTTO;TONS ;10.390,00;10.390,00;100%;;10.390,00;PRÓPRIO;REALIZADO;REALIZADO;
25/08/2026;A;TATIANE;FOB;MASSIPAN/ORTERPAN;TONS ;10.977,00;;;10.977,00;;PRÓPRIO;PENDENTE;PENDENTE;GERADO FALTA SEPARAR
25/08/2026;A;TATIANE;FOB;OC ALIMENTOS;TONS ;751,00;;;751,00;;PRÓPRIO;PENDENTE;PENDENTE;GERADO FALTA SEPARAR
25/08/2026;A;TATIANE;FOB;TOC MIX;TONS ;26.775,00;;;26.775,00;;PRÓPRIO;PENDENTE;PENDENTE;GERADO FALTA SEPARAR
25/08/2026;A;TATIANE;GM ;MINAS;TONS ;22.456,00;3.500,00;16%;18.956,00;3.197,00;;;;
25/08/2026;A;TATIANE;FM;FRONERI;TONS ;13.056,00;13.056,00;100%;;13.056,00;SPEEDY;REALIZADO;REALIZADO;
25/08/2026;A;TATIANE;GM ;OESA;TONS ;10.080,00;10.080,00;100%;;10.080,00;RENOVAÇÃO;REALIZADO;PENDENTE;MOTORISTA NO PATIO
25/08/2026;A;TATIANE;SP;VIEL VIEL;TONS ;10.992,00;10.992,00;100%;;10.992,00;SMART;REALIZADO;PENDENTE;
25/08/2026;A;TATIANE;SP;LUZIA MEIRE;TONS ;3.941,00;3.941,00;100%;;3.941,00;SMART;REALIZADO;REALIZADO;
25/08/2026;A;TATIANE;CACAU;SEPARAÇÃO;TONS ;15.406,00;15.406,00;100%;;5.106,00;SMART;PARCIAL;PENDENTE;
25/08/2026;A;TATIANE;GM ;COMERCIAL AZEVEDO;TONS ;15.799,00;15.799,00;100%;;15.799,00;PRÓPRIO;REALIZADO;REALIZADO;
25/08/2026;A;TATIANE;FM;NESTLÉ;TONS ;10.790,00;10.790,00;100%;;10790;SPEEDY;PENDENTE;PENDENTE;MOTORISTA NO PATIO
25/08/2026;A;TATIANE;GRANEL ;MAGNUM E TOC CAU;TONS ;40.000,00;;;40.000,00;;;;;FALHA NAS PENEIRAS
25/08/2026;B;THIAGO;fob;tocmix;TONS ;26.775,00;26.775,00;100%;;26775;;;;
25/08/2026;B;THIAGO;;mais pan;TONS ;3.000,00;3.000,00;100%;;;;;;
25/08/2026;B;THIAGO;;osterpan;TONS;7.710,00;7.710,00;100%;;7710;;;;
25/08/2026;B;THIAGO;;rfc;TONS;18.956,00;18.956,00;100%;;17870;;;;
25/08/2026;B;THIAGO;;rfc;TONS ;22.010,00;22.010,00;100%;;22010;;;;
25/08/2026;B;THIAGO;;MG / NORDESTE;TONS;17.110,00;17.110,00;100%;;17110;;;;
25/08/2026;B;THIAGO;;smt;TONS ;18.155,00;18.155,00;100%;;5940;;;;
25/08/2026;B;THIAGO;;GRANEL;TONS;27.380,00;27.380,00;100%;;27380;;;;
25/08/2026;B;THIAGO;;floor/ retorno omega;PAL;185,00;185,00;100%;;;;;;
25/08/2026;B;THIAGO;;;;;;;;;;;;
26/08/2026;A;TATIANE;FM;PANDURATA;TONS ;28.054,00;28.054,00;100%;;28.054,00;SMART;;;
26/08/2026;A;TATIANE;FM ;PANDURATA;TONS ;28.054,00;28.054,00;100%;;;SMART;;;
26/08/2026;A;TATIANE;FM ;PANDURATA;TONS ;30.206,00;30.206,00;100%;;30.206,00;SPEEDY;;;
26/08/2026;A;TATIANE;SP;AGENDAS;TONS ;;;;;;;;;
26/08/2026;A;TATIANE;SP;CANAL DIRETO;TONS ;560,00;560,00;100%;;;;;;
26/08/2026;A;TATIANE;GRANEL ;MAGNUM;TONS ;10.780,00;10.780,00;100%;;;;;;
26/08/2026;B;THIAGO;;SMARTLOG AGENDADAS;TONS ;37.784,00;14.737,00;39%;;;;;;
26/08/2026;B;THIAGO;;siena;TONS ;12.950,00;12.950,00;100%;;12950;;;;
26/08/2026;B;THIAGO;;pandurata;TONS ;23.562,00;23.562,00;100%;;23562;;;;
26/08/2026;B;THIAGO;;RFC;TONS ;18.468,00;18.468,00;100%;;;;;;
26/08/2026;B;THIAGO;;RIBBERFOODS;TONS ;5.081,00;5.081,00;100%;;;;;;
26/08/2026;B;THIAGO;;LOJA DOCE;TONS ;14.733,00;14.733,00;100%;;14733;;;;
26/08/2026;B;THIAGO;;perfetto;TONS ;16.501,00;16.501,00;100%;;16501;;;;
26/08/2026;B;THIAGO;;pandurata;;;;;;28054;;;;
26/08/2026;B;THIAGO;;floor;pal;155,00;155,00;100%;;;;;;
27/08/2026;C;ADIB;FM ;NESTLÉ;TONS ;10.790,00;10.790,00;100%;;10790;SPEEDY;REALIZADO;REALIZADO;CARGA SEPARADA FATURADA CARREGADA E LIBERADA
27/08/2026;C;ADIB;FM ;M DIAS;TONS ;8.632,00;8.632,00;100%;;8632;SPEEDY;REALIZADO;REALIZADO;CARGA SEPARADA FATURADA CARREGADA E LIBERADA
27/08/2026;C;ADIB;FM ;SIENA;TONS ;19.422,00;19.422,00;100%;;19422;SPEEDY;REALIZADO;REALIZADO;CARGA SEPARADA FATURADA CARREGADA E LIBERADA
27/08/2026;C;ADIB;GM ;CASA DA PANIFICAÇÃO;TONS ;10.298,00;10.298,00;100%;;10298;PROPRIO;REALIZADO;REALIZADO;CARGA SEPARADA FATURADA CARREGADA E LIBERADA
27/08/2026;C;ADIB;GRANEL ;PANDURATA;TONS ;26.840,00;26.840,00;100%;;26840;JSL;REALIZADO;REALIZADO;CARREGADO FATURADO E LIBERADO 
27/08/2026;C;ADIB;GM ;CROSS LOGGIO ;TONS ;11.491,00;11.941,00;104%;-450,00;11941;LOGGIO;PENDENTE;PENDENTE;FINALIZAR SEPARAÇÃO
27/08/2026;C;ADIB;FOB;ESPECIARYA IND;TONS ;3.352,00;3.352,00;100%;;3352;PROPRIO;REALIZADO;REALIZADO;SEPARADO 
27/08/2026;C;ADIB;FOB;CHOCOLATES ORION;TONS;963,00;963,00;100%;;963;PROPRIO;REALIZADO;REALIZADO;CARREGADO E LIBERADO
27/08/2026;C;ADIB;GM ;SMARTLOG ;TONS ;23.047,00;23.047,00;100%;;;;;;
27/08/2026;C;ADIB;CACAU;CACAU;TONS ;9.000,00;9.000,00;100%;;9000;PRÓPRIO;;;
27/08/2026;C;ADIB;GM ;RIBERFOOFS;TONS ;2.907,00;2.907,00;100%;;;;;;
27/08/2026;C;ADIB;GM ;DISTRIB IMPORTADORA;TONS ;11.844,00;;;;;;;;
27/08/2026;C;ADIB;FOB;RFC;TONS ;17.870,00;;;;;;;;
27/08/2026;D;VINICIUS;BR15;ALIMENTOS S.A;TONS;2.602,25;2.602,25;100%;;2.602,25;;REALIZADO;REALIZADO;CARREGADO E LIBERADO
27/08/2026;D;VINICIUS;FLOOR;MOVIMENTAÇÃO;PAL;117,00;117,00;100%;;;;;;DEMANDA ZERADA
27/08/2026;D;VINICIUS;FOB;DISTRIBUIDORA E IMPORTADORA;TONS;11.633,89;11.633,89;100%;;11.633,89;;REALIZADO;REALIZADO;CARREGADO E LIBERADO
27/08/2026;D;VINICIUS;BR15;VOGLIADI;TONS;2.489,00;2.489,00;100%;;2.489,00;;REALIZADO;REALIZADO;CARREGADO E LIBERADO
27/08/2026;D;VINICIUS;FOB;RFC;TONS;16.531,20;16.531,20;100%;;16.531,20;;REALIZADO;REALIZADO;CARREGADO E LIBERADO
27/08/2026;D;VINICIUS;FM ;PANDURATA;TONS;26.000,00;26.000,00;100%;;26.000,00;;REALIZADO;REALIZADO;CARREGADO E LIBERADO
27/08/2026;D;VINICIUS;GM ;MACPAN ;TONS;22.470,34;22.470,34;100%;;22.470,34;;REALIZADO;PENDENTE;AGUARDANDO COLETA
27/08/2026;D;VINICIUS;FOB;COMERCIAL ATACADISTA ALVE;TONS;9.735,42;9.735,42;100%;;9.735,42;;REALIZADO;PENDENTE;AGUARDANDO COLETA
27/08/2026;D;VINICIUS;FM ;RIBERFOOFS;TONS;2.686,60;2.686,60;100%;;2686,6;;REALIZADO;PENDENTE;AGUARDANDO COLETA
27/08/2026;D;VINICIUS;GM ;CROSS 13 - D2;TONS;16.009,00;16.009,00;100%;;;;PENDENTE;PENDENTE;SEPARADO / PENDENTE CONFERÊNCIA BARRY
28/08/2026;C;ADIB;FOB;SVP;TONS ;1.866,00;1.866,00;100%;;1866;;REALIZADO;PENDENTE;AGUARDANDO CARRO
28/08/2026;C;ADIB;FOB;LOJA DOCE;TONS ;6.382,00;6.382,00;100%;;6382;;REALIZADO;PENDENTE;AGUARDANDO CARRO
28/08/2026;C;ADIB;GM ;CROSS 13 - D2;TONS;16.009,00;16.009,00;100%;;16002;;REALIZADO;PENDENTE;REALIZAMOS A CONFERENCIA - CARGA REMONTADA AGUARDANDO CARRO
28/08/2026;C;ADIB;GM ;MIX TUDO ( ES );TONS;15.942,00;15.942,00;100%;;15942;;REALIZADO;PENDENTE;CARRO 1 ( ROTA C.OESTE ) FATURADO - AGUARDANDO CARRO
28/08/2026;C;ADIB;GM ;CROSS ( ES /NORTE );TONS ;16.044,00;16.044,00;100%;;16044;;REALIZADO;PENDENTE;CARRO 2 ( ROTA C.OESTE ) CROSS - AGUARDANDO CARRO
28/08/2026;C;ADIB;BR15;CACAU;TONS ;12.659,00;12.659,00;100%;;12659;;REALIZADO;PARCIAL;AGUARDANDO CARROS
28/08/2026;C;ADIB;FM ;PANDURATA;TONS ;28.054,00;28.054,00;100%;;28054;;REALIZADO;REALIZADO;SEPARADO CARREGADO E LIBERADO
28/08/2026;C;ADIB;FOB;BRAZALMEIDA;TONS ;12.082,00;12.082,00;100%;;;;PENDENTE;PENDENTE;FALTA FATURAR
28/08/2026;C;ADIB;FOB;RFC;TONS ;22.010,00;22.010,00;100%;;22010;;REALIZADO;PARCIAL;FINALIZARCARREGAMENTO
28/08/2026;C;ADIB;GRANEL ;PANDURTA;TONS ;27.170,00;27.170,00;100%;;27170;;REALIZADO;REALIZADO;FATURADO - FALTA MOTORISTA RETIRAR DOCUMENTOS 
28/08/2026;C;ADIB;GM ;CROSS CARRO3 C.OESTE;TONS ;20.140,00;20.140,00;100%;;20.140,00;;REALIZADO;PENDENTE;AGUARDANDO COLETA
28/08/2026;D;VINICIUS;GM ;SMARTLOG AGENDADAS 31/08;TONS ;10.116,76;6.691,86;66%;3.424,90;;;PENDENTE;PENDENTE;FINALIZAR SEPARAÇÃO
28/08/2026;D;VINICIUS;FM ;PANDURATA;TONS;69.056,50;69.056,50;100%;;69.056,50;;REALIZADO;REALIZADO;CARREGADO E LIBERADO
28/08/2026;D;VINICIUS;FM ;MARILAN;TONS;11.329,00;11.329,00;100%;;11.329,00;;REALIZADO;REALIZADO;CARREGADO E LIBERADO
28/08/2026;D;VINICIUS;BR15;Q.ALIMENTARE;TONS;3.200,00;3.200,00;100%;;3.200,00;;REALIZADO;REALIZADO;CARREGADO E LIBERADO
28/08/2026;D;VINICIUS;FOB;BRAZALMEIDA;TONS;1.572,20;1.572,20;100%;;1.572,20;;PENDENTE;PENDENTE;AGUARDANDO COLETA
28/08/2026;D;VINICIUS;FOB;PRODUPAN;TONS;13.522,52;13.522,52;100%;;13.522,52;;PENDENTE;PENDENTE;AGUARDANDO COLETA
28/08/2026;D;VINICIUS;FOB;CASA DA PANIFICAÇÃO;TONS;5.278,40;5.278,40;100%;;5.278,40;;PENDENTE;PENDENTE;AGUARDANDO COLETA
28/08/2026;D;VINICIUS;FOB;CUNHAPAN;TONS;5.496,37;5.496,37;100%;;5.496,37;;PENDENTE;PENDENTE;AGUARDANDO COLETA
28/08/2026;D;VINICIUS;FOB;RFC;TONS;20.240,89;20.240,89;100%;;20.240,89;;REALIZADO;REALIZADO;CARREGADO E LIBERADO
29/08/2026;A;TATIANE;FOB;CENTRO COMERCIAL;TONS;10.592,00;10.592,00;100%;;10.592,00;PRÓPRIO;REALIZADO;REALIZADO;
29/08/2026;A;TATIANE;FOB;RFC;TONS;16.455,00;16.455,00;100%;;16.455,00;PRÓPRIO;REALIZADO;REALIZADO;
29/08/2026;A;TATIANE;FOB;RFC;TONS;26.537,750;26.537,750;;;;PRÓPRIO;PENDENTE;PENDENTE;SEPRADO NA RUA 10 - CONFERIR E FATURAR
29/08/2026;A;TATIANE;FOB;DISTRIBUIDORA NORDESTINA;TONS;15.799,00;15.799,00;100%;;15.799,00;PRÓPRIO;REALIZADO;REALIZADO;
29/08/2026;A;TATIANE;FOB;FESTINHA;TONS;4.265,00;4.265,00;100%;;4.265,00;PRÓPRIO;REALIZADO;REALIZADO;
29/08/2026;A;TATIANE;FM ;BARION;TONS;12.439,00;12.439,00;100%;;12.739,00;SPEEDY;REALIZADO;REALIZADO;
29/08/2026;A;TATIANE;FM ;PANDURATA;TONS;22.805,00;22.805,00;100%;;22.805,00;SPEEDY;REALIZADO;REALIZADO;
29/08/2026;A;TATIANE;GM ;CROSS PR;TONS;23.750,00;;;;23.750,00;;;;
29/08/2026;A;TATIANE;GM ;AEGNDAS SP;TONS;2.957,00;2.957,00;100%;;2.957,00;SMART;PARCIAL;PARCIAL;
29/08/2026;A;TATIANE;FOB;BRAZALMEIDA;TONS ;10.508,00;10.508,00;100%;;10.508,00;PRÓPRIO;REALIZADO;REALIZADO;
29/08/2026;A;TATIANE;GM ;CROSS SC;TONS ;7.236,00;;;;7.236,00;RENOVAÇÃO;PENDENTE;PENDENTE;GERADO FALTA SEPARAR - AJUSTAR
29/08/2026;A;TATIANE;SEPARAÇÃO CACAU;SEP CACAU;TONS ;12.750,00;12.750,00;100%;;;;;;
29/08/2026;A;TATIANE;SEP TRANSF CACAU;SEP TRANSF CACAU;TONS ;24.000,00;24.000,00;100%;;;;;;
29/08/2026;A;TATIANE;FLOOR;FLOOR;TONS ;100,00;70,00;70%;;;;;;
29/08/2026;A;TATIANE;FM ;PANDURATA;TONS ;56.108,00;;;;;SPEEDY;PENDENTE;PENDENTE;GERADO FALTA SEPARAR
29/08/2026;B;THIAGO;FM ;pandurata;tons ;28.054,00;28.054,00;100%;;28.054,00;;;;
29/08/2026;B;THIAGO;fob;produpan;TONS ;16.606,00;16.606,00;100%;;16.606,00;;;;
29/08/2026;B;THIAGO;FOB;discamp;TONS;10.147,00;10.147,00;100%;;10147;;;;
29/08/2026;B;THIAGO;GM ;CROSS SC;TONS;8.139,00;8.139,00;100%;;8139;;;;
29/08/2026;B;THIAGO;FM ;IBAE;TONS ;28.054,00;28.054,00;100%;;28054;;;;
29/08/2026;B;THIAGO;FLOOR;;pal;73,00;73,00;100%;;;;;;
30/08/2026;A;TATIANE;SEPARAÇÃO CACAU;TRANSFERENCIA CACAU;TONS ;4.900,00;4.900,00;100%;;4.900,00;SMART;REALIZADO;REALIZADO;
30/08/2026;A;TATIANE;SEPARAÇÃO CACAU;CACAU;TONS ;2.500,00;2.500,00;100%;;290,00;SMART;PARCIAL;PARCIAL;
30/08/2026;A;TATIANE;FOB;DISCPAMP;TONS ;7.077,00;7.077,00;100%;;7.077,00;PRÓPRIO;REALIZADO;REALIZADO;
30/08/2026;A;TATIANE;FOB;CUNHAPAN;TONS ;8.322,00;8.322,00;100%;;8.322,00;PRÓPRIO;REALIZADO;REALIZADO;
30/08/2026;A;TATIANE;FOB;CUNHAPAN;TONS ;21.184,00;21.184,00;100%;;21.184,00;PRÓPRIO;REALIZADO;REALIZADO;
30/08/2026;A;TATIANE;FOB;TOP CAU;TONS ;314,00;314,00;100%;;314,00;PRÓPRIO;REALIZADO;REALIZADO;
30/08/2026;A;TATIANE;FM ;PANDURATA;TONS ;24.520,00;24.520,00;100%;;24.520,00;SPEEDY;PENDENTE;PENDENTE;SEPARADO
30/08/2026;A;TATIANE;FM ;PANDURATA;TONS ;28.054,00;28.054,00;100%;;;SPEEDY;PENDENTE;PENDENTE;SEPARADO
30/08/2026;A;TATIANE;FM ;PANDURATA;TONS ;28.054,00;28.054,00;100%;;;SPEEDY;PENDENTE;PENDENTE;SEPARADO
30/08/2026;A;TATIANE;FM ;IBAE;TONS ;19.422,00;19.422,00;100%;;;SPEEDY;PENDENTE;PENDENTE;SEPARADO
30/08/2026;A;TATIANE;FM ;IBAE;TONS ;12.948,00;12.948,00;100%;;;SPEEDY;PENDENTE;PENDENTE;SEPARADO
30/08/2026;A;TATIANE;FM ;IBAE;TONS ;15.106,00;15.106,00;100%;;;SPEEDY;PENDENTE;PENDENTE;SEPARADO
30/08/2026;A;TATIANE;FM ;IBAE;TONS ;19.422,00;19.422,00;100%;;;SPEEDY;PENDENTE;PENDENTE;SEPARADO
30/08/2026;A;TATIANE;FM ;SIENA;TONS ;19.422,00;19.422,00;100%;;;SPEEDY;PENDENTE;PENDENTE;SEPARADO
30/08/2026;A;TATIANE;GM ;CROSS RS;TONS ;7.148,00;7.148,00;100%;;7.148,00;RENOVAÇÃO;PENDENTE;PENDENTE;FATURADO
30/08/2026;A;TATIANE;GRANEL;MAGUNUM;TONS ;10.000,00;10.000,00;100%;;;;PENDENTE;PENDENTE;FALTA TICKET PESAGEM
30/08/2026;A;TATIANE;FLOOR;FABRICA;PAL;80,00;78,00;98%;2,00;;;;;
30/08/2026;B;THIAGO;GM ;RJ;TONS ;23.463,00;23.463,00;100%;;;;;;
30/08/2026;B;THIAGO;FM ;NESTLE;TONS ;12.235,00;12.235,00;100%;;;;;;
30/08/2026;B;THIAGO;GM ;CROSS 19 LOGGIO;TONS ;19.477,00;19.477,00;100%;;;;;;
30/08/2026;B;THIAGO;fob;marcos artigos;TONS ;21.954,00;21.954,00;100%;;;;;;
30/08/2026;B;THIAGO;GM ;NORDESTE;TONS ;3.522,00;3.522,00;100%;;;;;;
30/08/2026;B;THIAGO;GM ;VIEL VIEL;TONS ;3.053,00;3.053,00;100%;;;;;;
30/08/2026;B;THIAGO;FLOOR;;PAL;99,00;98,00;99%;1,00;;;;;
31/08/2026;C;ADIB;GM ;STA;TONS ;21.954,00;21.954,00;100%;;;PROPRIO;FATURADO;PENDENTE;
31/08/2026;C;ADIB;GM ;MG / NORDESTE;TONS;13.540,00;13.540,00;100%;;;BORA;REALIZADO;;
31/08/2026;C;ADIB;FOB;MARCOS ARTGOS;TONS ;8.230,00;8.230,00;100%;;;PROPRIO;PENDENTE;PENDENTE;
31/08/2026;C;ADIB;FOB;COMERCIAL DISKPAN;TONS ;10.977,00;10.977,00;100%;;10977;PROPRIO;REALIZADO;REALIZADO;SEPARADO FATURADO - CARREGADO E LIBERADO 
31/08/2026;C;ADIB;GM ;AGENDADAS 01/09 - 02/09;TONS;11.310,00;11.310,00;100%;;;SMARTLOG;PARCIAL ;PENDENTE;FINALIZAR SEPARAÇÕES CONFERENCIAS E FATURAR
31/08/2026;C;ADIB;GM ;RETORNO OMEGA X;PAL;26,00;26,00;100%;;;;;;RETORNO CARGA OMEGA X 
31/08/2026;C;ADIB;FOB;RIBERFOODS;TONS ;21.954,00;21.954,00;100%;;21954;SPEEDY;REALIZADO;PENDENTE;SEPARADO FATURADO - CARRO NA DOCA PARA SER CARREGADO
31/08/2026;C;ADIB;GRANEL;PANDURATA;TONS ;26.410,00;26.410,00;100%;;26410;JSL;REALIZADO;REALIZADO;LIBERADO
31/08/2026;D;VINICIUS;FM ;NESTLÉ;TONS ;14.027,00;14.027,00;100%;;14.027,00;SPEEDY;REALIZADO;REALIZADO;EMBARCADO E LIBERADO
31/08/2026;D;VINICIUS;FM ;PANDURATA;TONS;70.008,83;70.008,83;100%;;70.008,83;SPEEDY;REALIZADO;REALIZADO;EMBARCADO E LIBERADO
31/08/2026;D;VINICIUS;FOB;AMERIPAN;TONS;9.457,25;9.457,25;100%;;9.457,25;SMARTLOG;REALIZADO;REALIZADO;EMBARCADO E LIBERADO
31/08/2026;D;VINICIUS;FOB;DISSUL;TONS;5.020,79;5.020,79;100%;;5.020,79;PRÓPRIO;REALIZADO;REALIZADO;EMBARCADO E LIBERADO
31/08/2026;D;VINICIUS;FOB;LUZIA MEIRE;TONS;11.469,40;11.469,40;100%;;11.469,40;FIRMEZA;REALIZADO;REALIZADO;EMBARCADO E LIBERADO
31/08/2026;D;VINICIUS;FOB;MARCOS ARTIGOS;TONS;6.957,56;6.957,56;100%;;6.957,56;BOING TRANS;REALIZADO;REALIZADO;EMBARCADO E LIBERADO
31/08/2026;D;VINICIUS;GM ;CHOCK DOCE;TONS;17.845,37;17.845,37;100%;;17.845,37;SMARTLOG;REALIZADO;REALIZADO;EMBARCADO E LIBERADO
31/08/2026;D;VINICIUS;GM ;COMERCIAL TATENO;TONS;13.152,64;13.152,64;100%;;13.152,64;SMARTLOG;REALIZADO;REALIZADO;EMBARCADO E LIBERADO
31/08/2026;D;VINICIUS;GM ;PLATLOG;TONS ;3.151,87;3.151,87;100%;;3.151,87;SMARTLOG;REALIZADO;REALIZADO;EMBARCADO E LIBERADO
31/08/2026;D;VINICIUS;FM ;STA;TONS ;21.184,24;21.184,24;100%;;21.184,24;SPEEDY;REALIZADO;REALIZADO;EMBARCADO E LIBERADO
06/09/2026;B;THIAGO;FM ;capriche ;TONS ;7.000,00;7.000,00;100%;;;;;;
09/07/2026;A;TATIANE;FM ;PANDURATA;TONS ;24.620,00;24.620,00;100%;;;SPEEDY;PENDENTE;PENDENTE;MOTORISTA KAUE NA DOCA
09/07/2026;A;TATIANE;FM ;GRANEL - FRONERI;TONS ;24.000,00;23.700,00;99%;300,00;23.700,00;JSL;REALIZADO;REALIZADO;
09/07/2026;A;TATIANE;FM ;PANDURATA;TONS ;24.620,00;24.620,00;100%;;24.620,00;SPEEDY;REALIZADO;PENDENTE;MOTORISTA KAUE NA DOCA
09/07/2026;A;TATIANE;FM ;GRANEL - PANDURATA;TONS ;26.000,00;27.100,00;104%;-1.100,00;;JSL;PENDENTE;REALIZADO;DEPENDE DO FINANCEIRO
09/07/2026;A;TATIANE;FLOOR;FABRICA;PAL;130,00;124,00;95%;6,00;;;;;DEPENDE DO FINANCEIRO
09/07/2026;A;TATIANE;CACAU;SEPARAÇÃO;TONS ;19.671,00;19.671,00;100%;;19.671,00;SMARTLOG;REALIZADO;PENDENTE;
07/09/2026;B;THIAGO;FM ;m dias;TONS;17.220,00;17.220,00;100%;;;;;;
07/09/2026;B;THIAGO;FM ;pandurata;TONS;20.732,00;20.732,00;100%;;;;;;
07/09/2026;B;THIAGO;GRANEL;GRANEL - PANDURATA;TONS;27.100,00;27.100,00;100%;;;;;;
08/09/2026;C;ADIB;CACAU ;CACAU BR15;TONS;10.700,00;10.700,00;100%;;;;;;
08/09/2026;C;ADIB;GRANEL;PANDURATA;TONS ;27.100,00;27.100,00;100%;;27100;JSL;REALIZADO;REALIZADO;FATURADO E LIBERADO
09/08/2026;d;VINICIUS;GM;SUL - PR / SC;TONS ;22.724,00;18.836,00;83%;3.888,00;18836;RENOVAÇÃO;PARCIAL;PENDENTE;PR / SC FATURADO | RS SEPARADO PARCIAL
09/08/2026;d;VINICIUS;FM;TOC MIX;TONS;26.775,00;26.775,00;100%;;26.775,00;PRÓPRIO;REALIZADO;REALIZADO;EMBARCADO E LIBERADO
09/08/2026;d;VINICIUS;FM;EXPORTAÇÃO;TONS;25.896,00;25.896,00;100%;;25.896,00;ARCELOG;REALIZADO;PENDENTE;NOTAS EM RAIO
09/09/2026;C;ADIB;GM;SUL RS;TONS ;13.487,00;13.487,00;100%;;13487;RENOVAÇÃO;REALIZADO;REALIZADO;CARREGADO 
09/09/2026;C;ADIB;FM;EXPRESSO RENOVAÇÃO;TONS ;20.156,00;20.156,00;100%;;20156;;REALIZADO;PENDENTE;AGUARDANDO CARRO
09/09/2026;C;ADIB;FOB;COM DISKPAN;TONS ;25.484,00;25.484,00;100%;;25484;PROPRIO;REALIZADO;REALIZADO;CARREGADO
09/09/2026;C;ADIB;GRANEL ;PANDURATA;TONS ;28.160,00;28.160,00;100%;;280160;JSL;REALIZADO;REALIZADO;FATURADO E LIBERADO
09/09/2026;C;ADIB;GRANEL ;UNILEVER;TONS ;12.800,00;12.800,00;100%;;12800;JSL;REALIZADO;REALIZADO;CARREGADO E LIBERADO
09/09/2026;D;VINICIUS;GM;SUL PR / SC ;;;;;;;;;;EMBARCADO E LIBERADO
09/09/2026;D;VINICIUS;GM;SMART;TONS ;3.554,19;3.554,19;100%;;3.554,19;SMART;REALIZADO;PENDENTE;AGUARDANDO COLETA
09/09/2026;D;VINICIUS;GM;MG;TONS ;12.920,00;10.409,90;81%;2.510,10;;;PENDENTE;PENDENTE;PENDENTE FINALIZAR SEPARAÇÃO
09/09/2026;D;VINICIUS;GM;NORDESTE;TONS ;4.586,00;4.586,00;100%;;;;PENDENTE;PENDENTE;PENDENTE CONFERÊNCIA E FATURAMENTO
09/09/2026;D;VINICIUS;GM;RFC;TONS ;7.623,62;7.623,62;100%;;7.623,62;FIRMEZA;REALIZADO;REALIZADO;EMBARCADO E LIBERADO
09/09/2026;D;VINICIUS;FM;PANDURATA;TONS ;23.562,00;23.562,00;100%;;23.562,00;SPEEDY;REALIZADO;REALIZADO;EMBARCADO E LIBERADO
10/09/2026;A;TATIANE;GM;MINAS/BA;TONS ;17.507,00;2.510,10;100%;;12.920,00;BORA;PARCIAL;PENDENTE;FATURAR NORDESTE
10/09/2026;A;TATIANE;GM;NORTE;TONS ;23.093,00;23.093,00;100%;;;TAFF;PENDENTE;PENDENTE;CONFERIR E FATURAR
10/09/2026;A;TATIANE;AGENDA SP;SP 12/09;TONS ;10.850,00;10.850,00;100%;;10.850,00;SMART;REALIZADO;PENDENTE;
10/09/2026;A;TATIANE;CACAU ;SEPARAÇÃO;TONS ;19.108,00;19.108,00;100%;;19.108,00;SMART;REALIZADO;PENDENTE;
10/09/2026;A;TATIANE;FOB;SBB;TONS ;2.508,000;2.508,000;;;;PROPRIO;PENDENTE;PENDENTE;
10/09/2026;A;TATIANE;GRANEL ;PANDURATA;TONS ;26.000,00;27.500,00;106%;;27.500,00;JSL;REALIZADO;REALIZADO;
10/09/2026;A;TATIANE;GRANEL ;MAGUNUM;TONS ;10.000,00;10.000,00;100%;;;JSL;PENDENTE;REALIZADO;
10/09/2026;A;TATIANE;FLOOR;;TONS ;80,00;75,00;94%;5,00;;;;;
10/09/2026;A;TATIANE;ABASTECIMENTO;NORTE;PAL;12,00;12,00;100%;;;;;;
10/09/2026;B;THIAGO;GM;CO/ES;TONS ;21.793,00;21.793,00;100%;;;TAFF;;;GERADO PARCIAL
10/09/2026;B;THIAGO;GM;MAHEL;TONS;6.711,00;6.711,00;100%;;;;;;
10/09/2026;B;THIAGO;GM;FESTINHA;TONS;4.453,00;4.453,00;100%;;;;;;
10/09/2026;B;THIAGO;ABASTECIMENTO;;PAL;7,00;7,00;100%;;;;;;
10/09/2026;B;THIAGO;FLOOR;PRODUÇÃO;PAL;62,00;62,00;100%;;;;;;
10/09/2026;B;THIAGO;FM;PANDURATA;TONS;28.054,00;28.054,00;100%;;;;;;
11/09/2026;A;TATIANE;GM;CARRO 03 CO/ES/NO;TONS ;9.924,00;;;;7.000,00;;;;
11/09/2026;A;TATIANE;GM;SP AGENDAS 14/09 E DIRETOS;TONS ;23.063,00;23.063,00;100%;;29.939,00;SMART;PARCIAL;PARCIAL;
11/09/2026;A;TATIANE;FOB;SBB;TONS ;2.446,00;;;;2.446,00;PRÓPRIO;REALIZADO;REALIZADO;
11/09/2026;A;TATIANE;FOB;MAHEL;TONS ;6.965,00;;;;6.965,00;PRÓPRIO;REALIZADO;REALIZADO;
11/09/2026;A;TATIANE;FM;PANDURATA;TONS ;28.054,00;;;;28.054,00;SPEEDY;REALIZADO;REALIZADO;
11/09/2026;A;TATIANE;CACAU ;SEPARAÇÃO;TONS ;12.672,00;12.672,00;100%;;9.672,00;SMART;PARCIAL;PENDENTE;FALTA FATURAR CLIENTE INP - PRIORIDADE - CONFERIR E FATURAR
11/09/2026;A;TATIANE;FLOOR;FABRICA;PAL;85,00;75,00;88%;10,00;;;;;
11/09/2026;B;THIAGO;FOB;PRODUPAN/CUNHAPAN/CS PAN;TONS ;9.108,00;9.108,00;100%;;;;;;
11/09/2026;B;THIAGO;floor  / cacau;armazenamento;PAL;198,00;198,00;100%;;;;;;
11/09/2026;B;THIAGO;ABASTECIMENTO;;PAL;21,00;21,00;100%;;;;;;
11/09/2026;B;THIAGO;GM;SP;TONS;12.360,00;12.360,00;100%;;;;;;
12/09/2026;C;ADIB;GRANEL;FRONERI;TONS;14.350,00;14.350,00;100%;;14.350,00;JSL;REALIZADO;;FATURADO E LIBERADO
12/09/2026;C;ADIB;GM;SMT001 INT;TONS ;732,00;732,00;100%;;732,00;SMARLOG;REALIZADO;PENDENTE;
12/09/2026;C;ADIB;GM;SMT004 INT;TONS;2.823,00;2.823,00;100%;;2.823,00;SMARTLOG;REALIZADO;PENDENTE;
12/09/2026;C;ADIB;GM;AGENDADAS 15/09;TONS ;14.277,00;14.277,00;100%;;0,00;SMARLOG;PENDENTE;PENDENTE;FATURAR DIA 15/09
12/09/2026;C;ADIB;FM;NESTLÉ;TONS ;10.790,00;10.790,00;100%;;0;SPEEDYLOG;PENDENTE;PENDENTE;FATURAR DIA 14/09
12/09/2026;C;ADIB;GM;AGENDADAS 16/09;TONS ;4.135,00;4.135,00;100%;;0;SMARTLOG;PENDENTE;PENDENTE;FATURAR DIA 16/09
12/09/2026;C;ADIB;CACAU ;RECEBIMENTO CACAU;PAL;24,00;24,00;100%;;;TIO CARLO;;;CARGA RECEBIDA E ARMAZENADA
12/09/2026;C;ADIB;GM;SMARTLOG DIRETAS 15/09;TONS;22.903,00;19.806,00;86%;3.097,00;;SMARTLOG;PARCIAL;;FALTA SEPARAR CARROS SMT04 / SMT06 /SMT09
12/09/2026;D;VINICIUS;GM;AGENDADAS 16/09;TONS;43.986,45;43.986,45;100%;;;SMARTLOG;PENDENTE;PENDENTE;AG. FATURAMENTO
12/09/2026;D;VINICIUS;GM;AGENDADAS 17/09;TONS;19.939,92;19.939,92;100%;;;SMARTLOG;PENDENTE;PENDENTE;AG. FATURAMENTO
12/09/2026;D;VINICIUS;GM;AGENDADAS 21/09;TONS;3.209,96;3.209,96;100%;;;SMARTLOG;PENDENTE;PENDENTE;AG. FATURAMENTO
12/09/2026;D;VINICIUS;GM;SMT0001DI;TONS;2.361,25;2.361,25;100%;;2.361,25;SMARTLOG;REALIZADO;PENDENTE;AGUARDANDO COLETA
12/09/2026;D;VINICIUS;GM;SMT0002DI;TONS;620,80;620,80;100%;;620,80;SMARTLOG;REALIZADO;PENDENTE;AGUARDANDO COLETA
12/09/2026;D;VINICIUS;GM;SMT0002INT;TONS;1.787,34;1.787,34;100%;;1.787,34;SMARTLOG;REALIZADO;PENDENTE;AGUARDANDO COLETA
12/09/2026;D;VINICIUS;GM;SMT0003DI;TONS;1.095,66;1.095,66;100%;;1.095,66;SMARTLOG;REALIZADO;PENDENTE;AGUARDANDO COLETA
12/09/2026;D;VINICIUS;GM;SMT0003INT;TONS;1.823,15;1.823,15;100%;;1.823,15;SMARTLOG;REALIZADO;PENDENTE;AGUARDANDO COLETA
12/09/2026;D;VINICIUS;GM;SMT0004DI;TONS;3.121,48;3.121,48;100%;;3.121,48;SMARTLOG;REALIZADO;PENDENTE;AGUARDANDO COLETA
12/09/2026;D;VINICIUS;GM;SMT0005DI;TONS;2.310,51;2.310,51;100%;;2.310,51;SMARTLOG;REALIZADO;PENDENTE;AGUARDANDO COLETA
12/09/2026;D;VINICIUS;GM;SMT0006DI;TONS;825,52;825,52;100%;;825,52;SMARTLOG;REALIZADO;PENDENTE;AGUARDANDO COLETA
12/09/2026;D;VINICIUS;GM;SMT0007DI;TONS;1.798,62;1.798,62;100%;;1.798,62;SMARTLOG;REALIZADO;PENDENTE;AGUARDANDO COLETA
12/09/2026;D;VINICIUS;GM;SMT0008DI;TONS;11.961,99;11.961,99;100%;;11.961,99;SMARTLOG;REALIZADO;PENDENTE;AGUARDANDO COLETA
12/09/2026;D;VINICIUS;GM;SMT0009DI;TONS;1.228,92;1.228,92;100%;;1.228,92;SMARTLOG;REALIZADO;PENDENTE;AGUARDANDO COLETA
12/09/2026;D;VINICIUS;GM;SMT001NOVAMEGAG;TONS;2.035,75;2.035,75;100%;;2.035,75;SMARTLOG;REALIZADO;PENDENTE;AGUARDANDO COLETA
13/09/2026;C;ADIB;GM;RJ CARRO 1;TONS;16.956,00;16.956,00;100%;;16956;OMEGAX;REALIZADO;PENDENTE;AGUARDANDO CARRO PARA EMBARQUE 
13/09/2026;C;ADIB;GM;RJ CARRO 2;TONS;8.003,00;8.003,00;100%;;8003;OMEGA X;REALIZADO;PENDENTE;AGUARDANDO CARRO PARA EMBARQUE
13/09/2026;C;ADIB;FM;PANDURATA;TONS;28.054,00;28.054,00;100%;;;SPEEDYLOG;PENDENTE;PENDENTE;FATURAR DIA 14/09
13/09/2026;D;VINICIUS;GM;ROTA SUL - RS;TONS;18.166,68;18.166,68;100%;;18.166,68;RENOVAÇÃO;REALIZADO;PENDENTE;AGUARDANDO COLETA
13/09/2026;D;VINICIUS;GM;ROTA SUL - PR;TONS;14.078,80;14.078,80;100%;;;RENOVAÇÃO;PENDENTE;PENDENTE;AGUARDANDO FINALIZAR CONFERÊNCIA 
13/09/2026;D;VINICIUS;GM;ROTA SUL - SC;TONS;2.409,40;0,00;;2.409,40;;RENOVAÇÃO;PENDENTE;PENDENTE;GERADA - AGUARDANDO SEPARAÇÃO
13/09/2026;D;VINICIUS;GRANEL;MAGNUM ICC BRASIL SUPPLY LTDA;TONS;9.590,00;9.590,00;100%;;9.590,00;JSL;REALIZADO;REALIZADO;EMBARCADA E LIBERADA
13/09/2026;D;VINICIUS;GRANEL;TOP CAU;TONS;26.640,00;26.640,00;100%;;26.640,00;JSL;REALIZADO;REALIZADO;EMBARCADA E LIBERADA
13/09/2026;D;VINICIUS;BR15;CACAU;TONS;1.987,60;1.987,60;100%;;1.987,60;SMARTLOG;REALIZADO;REALIZADO;EMBARCADA E LIBERADA
14/09/2026;A;TATIANE;GM;SC;TONS;3.000,00;3.000,00;100%;;;RENOVAÇÃO;PENDENTE;PENDENTE;
14/09/2026;A;TATIANE;GM;PR;TONS;16.270,00;;;;16.270,00;RENOVAÇÃO;REALIZADO;PENDENTE;
14/09/2026;A;TATIANE;CIF;PADEIRÃO;TONS;15.599,00;15.599,00;100%;;15.599,00;SPEEDYLOG;REALIZADO;PENDENTE;
14/09/2026;A;TATIANE;FOB;SPAN VALE - 15/09;TONS;10.080,00;10.080,00;100%;;;PRÓPRIO;PENDENTE;PENDENTE;
14/09/2026;A;TATIANE;EXPORTAÇÃO;DGRX;TONS;25.896,000;;;25.896,000;;ARCELOG;PENDENTE;PENDENTE;MOTORISTA NO PATIO - DILMAR 
14/09/2026;A;TATIANE;FM;MARGOSSIAM;TONS;25.394,00;25.394,00;100%;;;SPEEDYLOG;PENDENTE;PENDENTE;
14/09/2026;A;TATIANE;GRANEL;MAGNUM/PANDURATA;TONS;37.080,00;37.080,00;100%;;37.080,00;JSL;REALIZADO;REALIZADO;
14/09/2026;A;TATIANE;FLOOR;FABRICA;PAL;110,00;110,00;100%;;;;;;
14/09/2026;A;TATIANE;CACAU;SEPARAÇÃO;TONS;11.283,00;11.283,00;100%;;4.987,00;SMARTLOG;PENDENTE;PENDENTE;
14/09/2026;A;TATIANE;GM;AGENDAS 16/09;TONS;55.755,00;;;;55.755,00;SMARTLOG;REALIZADO;PENDENTE;
14/09/2026;B;THIAGO;importação;DGRX;TONS;25.896,00;25.896,00;100%;;25896;;REALIZADO;;
14/09/2026;B;THIAGO;FOB;MARILSA BASSETO;TONS;12.251,00;12.251,00;100%;;12251;;REALIZADO;;
14/09/2026;B;THIAGO;FM;PANDURATA;TONS;28.054,00;28.054,00;100%;;28054;;REALIZADO;;
14/09/2026;B;THIAGO;FM;PANDURATA;TONS;27.340,00;;;;27340;;REALIZADO;;
14/09/2026;B;THIAGO;FM;NESTLE;TONS;10.515,00;;;;10515;;REALIZADO;;
14/09/2026;B;THIAGO;FLOOR;;PAL;52,00;52,00;100%;;;;;;
15/09/2026;A;TATIANE;FM;PANDURATA;TONS;24.300,00;24.300,00;100%;;;SPEEDYLOG;PENDENTE;PENDENTE;
15/09/2026;A;TATIANE;FM;MARGOSSIAM;TONS;;;;;;;;;
15/09/2026;A;TATIANE;FM;SUPERFRIO;TONS;25.393,00;25.393,00;100%;;;SPEEDYLOG;PENDENTE;PENDENTE;
15/09/2026;A;TATIANE;GM;DISPAN;TONS;11.312,00;11.312,00;100%;;;SPEEDYLOG;PENDENTE;PENDENTE;
15/09/2026;A;TATIANE;FOB;INDUSTRIA DE PÃES;TONS;20.419,00;20.419,00;100%;;;PRÓPRIO;PENDENTE;PENDENTE;
15/09/2026;A;TATIANE;CACAU;CACAU SEPARAÇÃO;TONS;2.150,00;2.150,00;100%;;14674;;;;
15/09/2026;A;TATIANE;GM;SUL RENOVAÇÃO;TONS ;19.707,00;;;19.707,00;;RENOVAÇÃO;PENDENTE;PENDENTE;LOTES TRATADOS  -FALTA ABASTECER E GERAR
15/09/2026;A;TATIANE;FM;MAGUM;TONS ;18.057,00;18.057,00;100%;;;;;;
15/09/2026;B;THIAGO;FOB;SORVETE JUNDIA;TONS;12.852,00;12.852,00;100%;;;;;;
15/09/2026;B;THIAGO;FM;SUPERFRIO;TONS;24.393,00;24.393,00;100%;;24.393,00;;;;
15/09/2026;B;THIAGO;FM;NESTLE;TONS;10.515,00;10.515,00;100%;;;;;;
15/09/2026;B;THIAGO;FLOOR;;PAL;37,00;;;;;;;;
16/09/2026;D;VINICIUS;FM;MARILAN;TONS;21.030,00;21.030,00;100%;;21.030,00;;REALIZADO;REALIZADO;EMBARCADO E LIBERADO
16/09/2026;D;VINICIUS;FM;PERFETTO;TONS;12.720,00;12.720,00;100%;;12.720,00;;REALIZADO;REALIZADO;EMBARCADO E LIBERADO
16/09/2026;D;VINICIUS;FM;MAGNUM ICC BRASIL SUPPLY LTDA;TONS;24.076,80;;;;24.076,80;;REALIZADO;PENDENTE;FATURADO
16/09/2026;D;VINICIUS;GM;CREAM COLOR IND. COM. DE SORV;TONS;6.845,38;6.845,38;100%;;6845,38;;REALIZADO;PENDENTE;FATURADO
16/09/2026;D;VINICIUS;GM;SUL - RS;TONS;12.239,83;12.239,83;100%;;12239,83;;REALIZADO;PENDENTE;FATURADO
16/09/2026;D;VINICIUS;GM;SUL - PR;TONS;6.844,90;6.844,90;100%;;6.844,90;;REALIZADO;PENDENTE;FATURADO
16/09/2026;D;VINICIUS;GRANEL;TOP CAU IND E COMERCIO DE CHO;TONS;1.823,51;1.823,51;100%;;1823,51;;REALIZADO;REALIZADO;EMBARCADO E LIBERADO
17/09/2026;C;ADIB;CACAU;CACAU BR15;TONS;15.421,00;15.421,00;100%;;15421;;REALIZADO;PARCIAL;
17/09/2026;C;ADIB;GM;C.OESTE ( CARRO 1 );TONS;23.527,00;23.527,00;100%;;;;REALIZADO;REALIZADO;AGUARDANDO CARRO 
17/09/2026;C;ADIB;GM;C.OESTE ( CARRO 2 );TONS;20.494,00;5.578,00;27%;14.916,00;;;PENDENTE;PENDENTE;FINALIZAR AS SEPARAÇÕES 
17/09/2026;C;ADIB;TRANSF OMEGA X;TRANSF OMEGA X;TONS;14.753,00;14.753,00;100%;;;;PENDENTE;PENDENTE;VAMOS CARREGAR CARRO SMARTLOG 
17/09/2026;D;VINICIUS;GM;C.OESTE ( CARRO 2 ) CONTINUAÇÃO;TONS;14.916,00;14.916,00;100%;;2500,08;;PARCIAL;PENDENTE;PENDENTE FATURAR 
17/09/2026;D;VINICIUS;GM;SMART AGING;TONS;654,12;654,12;100%;;654,12;;REALIZADO;PENDENTE;AGUARDANDO CARRO 
17/09/2026;D;VINICIUS;GM;SMART;TONS;3.850,79;;;;3.850,79;;REALIZADO;PENDENTE;AGUARDANDO CARRO 
17/09/2026;D;VINICIUS;FM;PANDURATA ALIMENTOS LTDA;TONS;27.339,00;27.339,00;100%;;27339;;REALIZADO;PENDENTE;AGUARDANDO CARRO 
17/09/2026;D;VINICIUS;BR15;TIROL;TONS;19.946,88;19.946,88;100%;;19946,88;;REALIZADO;PENDENTE;AGUARDANDO CARRO 
17/09/2026;D;VINICIUS;MOVIMENTAÇÃO;MARGOSSIAN FERRERO;PAL;24;24;100%;;;;;;DIRECIONADO NAS POSIÇÕES DE OFF
18/09/2026;B;THIAGO;FOB;DISCPANCHOC;TONS;10.920,00;10.920,00;100%;;10920;;;;
18/09/2026;B;THIAGO;FM;MAGNUN;TONS;12.253,00;12.253,00;100%;;12253;;;;
18/09/2026;B;THIAGO;CACAU;;TONS;1.300,00;1.300,00;100%;;1300;;;;
18/09/2026;B;THIAGO;FLOOR/ CACAU;ARMAZENAMENTO;PAL;79,00;79,00;100%;;;;;;
18/09/2026;B;THIAGO;SUL;RS;TONS;10.621,00;10.621,00;100%;;;;;;
19/09/2026;B;THIAGO;FM;SORVETE JUNDIA;TONS;12.000,00;12.000,00;100%;;;;;;
19/09/2026;B;THIAGO;FM;PANDURATA ALIMENTOS LTDA;TONS;28.054,00;28.054,00;100%;;;;;;
19/09/2026;B;THIAGO;fob;TTF;TONS;10.911,00;10.911,00;100%;;;;;;
19/09/2026;B;THIAGO;;cacau;TONS;15.520,00;15.520,00;100%;;;;;;
19/09/2026;B;THIAGO;;smt;TONS;15.947,00;15.947,00;100%;;;;;;
19/09/2026;B;THIAGO;;nordeste;TONS;5.838,00;5.838,00;100%;;;;;;
19/09/2026;B;THIAGO;abastecimento;;PAL;8,00;8,00;100%;;;;;;
19/09/2026;B;THIAGO;FLOOR/ CACAU;;PAL;132,00;132,00;100%;;;;;;
20/09/2026;C;ADIB;GM;MG / NORDESTE;TONS;12.711,00;12.711,00;100%;;12711;BORA;REALIZADO;PENDENTE;REALIZAMOS AS CONFERENCIAS E FATURAMENTOS 
20/09/2026;C;ADIB;GRANEL;FRONERI;TONS;17.860,00;17.860,00;100%;;17860;JSL;REALIZADO;REALIZADO;GRANEL FATURADO
20/09/2026;C;ADIB;GM;SMARTLOG DIRETAS 17/09;TONS ;26.915,00;9.801,00;36%;17.114,00;9801;SMARTLOG;PARCIALMENTE;PENDENTE;REALIZAMOS AS SEPARAÇÕES E CONFERENCIAS - FATURAMENTOS EM ANDAMENTOS
20/09/2026;D;VINICIUS;GM;SMARTLOG DIRETAS 20/09;TONS ;23.203,90;23.203,90;100%;;;SMARTLOG;PENDENTE;PENDENTE;AGUARDANDO FATURAMENTO
20/09/2026;D;VINICIUS;GM;SMARTLOG DIRETAS 17/09 PENDENTES;TONS ;12.080,69;12.080,69;100%;;;SMARTLOG;PENDENTE;PENDENTE;AGUARDANDO FATURAMENTO
20/09/2026;D;VINICIUS;FM;NESTLE;TONS ;14.721,00;14.721,00;100%;;14.721,00;SPEEDY;REALIZADO;REALIZADO;EMBARCADO E LIBERADO
20/09/2026;D;VINICIUS;BR15;SINERGY;TONS ;12.000,00;12.000,00;100%;;;SMARTLOG;REALIZADO;PENDENTE;AGUARDANDO FATURAMENTO
21/09/2026;C;ADIB;GM;SMARTLOG DIRETAS 17/09;TONS;2.865,00;2.865,00;100%;;2865;SMARTLOG;REALIZADO;PENDENTE;AGUARDANDO CARRO
21/09/2026;C;ADIB;GM;RJ;TONS;10.424,00;10.424,00;100%;;;OMEGA X;;PENDENTE;CARRO NA PORTARIA
21/09/2026;C;ADIB;FM;PANDURATA;TONS;28.054,00;28.054,00;100%;;28054;SMARTLOG;REALIZADO;REALIZADO;SEPARADO CARREGADO E LIBERADO
21/09/2026;C;ADIB;FM;PANDURATA GUARULHOS;TONS;28.054,00;28.054,00;100%;;28054;SPEEDYLOG;REALIZADO;PENDENTE;AGUARDANDO CARRO 
21/09/2026;C;ADIB;GM;OESA COMERCIO;TONS;10.977,00;10.977,00;100%;;;;;;RESTANTE GERADO FALTA SEPARAR
21/09/2026;C;ADIB;CACAU ;CACAU BR 15;TONS;8.170,00;8.170,00;100%;;8170;;REALIZADO;PENDENTE;FATURADO
21/09/2026;D;VINICIUS;GM;SMARTLOG DIRETAS 17/09;TONS;5.805,59;5.805,59;100%;;;SMART LOG;PENDENTE;PENDENTE;AGUARDANDO FATURAMENTO
21/09/2026;D;VINICIUS;GM;OESA COMERCIO;TONS;13.378,16;13.378,16;100%;;13.378,16;PRÓPRIO;REALIZADO;PENDENTE;AGUARDANDO COLETA
21/09/2026;D;VINICIUS;FM;PANDURATA 17873988;TONS;27.339,00;27.339,00;100%;;27339;SPEEDY;REALIZADO;PENDENTE;AGUARDANDO COLETA
21/09/2026;D;VINICIUS;TRANSFERENCIA;RECEBIMENTO TRANSF. OMX;TONS;18.871,20;18.871,20;100%;;;;;;PENDENTE DAR ENTRADA
21/09/2026;D;VINICIUS;FM;PANDURATA 17870319;TONS;28.054,00;28.054,00;100%;;28.054,00;SPEEDY;REALIZADO;PENDENTE;AGUARDANDO COLETA
21/09/2026;D;VINICIUS;GM;M DIAS;TONS;24.126,44;24.126,44;100%;;24126,44;SPEEDY;REALIZADO;REALIZADO;EMBARCADO E LIBERADO
21/09/2026;D;VINICIUS;GM;ROTA MG;TONS;486,43;486,43;100%;;486,43;BORA;REALIZADO;PENDENTE;AGUARDANDO COLETA
21/09/2026;D;VINICIUS;BR15;BARRIND IND E COM DE AL LTDA;TONS;1.038,00;1.038,00;100%;;1.038,00;SMART LOG;REALIZADO;PENDENTE;AGUARDANDO COLETA
21/09/2026;D;VINICIUS;BR15;DISCAMPCHOC COMERCIO DE;TONS;208,00;208,00;100%;;208;SMART LOG;REALIZADO;PENDENTE;AGUARDANDO COLETA
21/09/2026;D;VINICIUS;BR15;INTERBRANDS FOODS LTDA;TONS;524,50;524,50;100%;;;SMART LOG;PENDENTE;PENDENTE;AGUARDANDO FATURAMENTO
21/09/2026;D;VINICIUS;GRANEL;TOP CAU;TONS;26.150,00;26.150,00;100%;;26150;;REALIZADO;REALIZADO;EMBARCADO E LIBERADO
21/09/2026;D;VINICIUS;FM;IBAE IND. DE ALIM. ESP. LTDA;TONS;27.339,00;27.339,00;100%;;27339;;REALIZADO;PENDENTE;AGUARDANDO COLETA
22/09/2026;B;THIAGO;fob;toc mix;TONS;25.000,00;25.000,00;100%;;;;;;
22/09/2026;B;THIAGO;GM;SMARTLOG ;TONS;12.616,00;;;;;;;;
22/09/2026;B;THIAGO;FOB;DISPAN;TONS;27.300,00;;;;;;;;
22/09/2026;B;THIAGO;;;;;;;;;;;;
22/09/2026;B;THIAGO;;;;;;;;;;;;
22/09/2026;B;THIAGO;;;;;;;;;;;;
22/09/2026;B;THIAGO;;;;;;;;;;;;
22/09/2026;B;THIAGO;;;;;;;;;;;;
22/09/2026;B;THIAGO;;;;;;;;;;;;
22/09/2026;B;THIAGO;;;;;;;;;;;;
